date,co_max,co_aqi_val,no2_max,no2_aqi_val,ozone_max,ozone_aqi_val,pm10_mean,pm10_aqi_val,pm2.5_mean,pm2.5_aqi_val,so2_max,so2_aqi_val,cumulative_aqi,temp_high,temp_low,temp_avg,month,weekday
1/1/2017,0.5,6,36,34,0.026,24,21,19,9.6,40,5,7,40,43,27,35,1,6
1/2/2017,0.5,6,33,31,0.009,8,18,17,14.1,55,2,3,55,50,34,42,1,0
1/3/2017,0.4,5,24,23,0.015,14,9,8,7.7,32,0,0,32,50,40,45,1,1
1/4/2017,0.2,2,,,0.027,25,19,18,4.6,19,0,0,25,40,20,30,1,2
1/5/2017,,,19,18,0.02,19,11,10,5.3,22,0,0,22,21,13,17,1,3
1/6/2017,0.3,3,25,24,0.024,22,17,16,14.1,55,0,0,55,16,5,10.5,1,4
1/7/2017,0.3,3,26,25,0.03,28,17,16,13.4,54,0,0,54,17,6,11.5,1,5
1/8/2017,0.2,2,9,8,0.032,30,10,9,1.5,6,1,1,30,19,12,15.5,1,6
1/9/2017,0.4,5,26,25,0.023,21,39,36,11.3,47,8,11,47,31,15,23,1,0
1/10/2017,0.4,5,27,25,0.032,30,13,12,5.6,23,1,1,30,51,28,39.5,1,1
1/11/2017,0.4,5,25,24,0.024,22,20,19,10.2,43,5,7,43,59,35,47,1,2
1/12/2017,0.3,3,22,21,0.028,26,11,10,9.4,39,9,13,39,65,33,49,1,3
1/13/2017,0.3,3,14,13,0.027,25,15,14,6.8,28,10,14,28,33,26,29.5,1,4
1/14/2017,0.3,3,20,19,0.026,24,12,11,8.3,35,1,1,35,34,26,30,1,5
1/15/2017,0.7,8,37,35,0.015,14,21,19,21.3,70,8,11,70,35,20,27.5,1,6
1/16/2017,0.7,8,34,32,0.005,5,39,36,29,87,2,3,87,41,22,31.5,1,0
1/17/2017,0.5,6,24,23,0.02,19,12,11,11,46,1,1,46,61,41,51,1,1
1/18/2017,0.3,3,14,13,0.02,19,5,5,4,17,0,0,19,45,38,41.5,1,2
1/19/2017,0.3,3,23,22,0.016,15,11,10,8.1,34,0,0,34,46,36,41,1,3
1/20/2017,0.5,6,22,21,0.006,6,13,12,10.6,44,1,1,44,55,37,46,1,4
1/21/2017,0.6,7,22,21,0.021,19,19,18,12.2,51,4,6,51,63,42,52.5,1,5
1/22/2017,0.4,5,21,20,0.015,14,16,15,9.2,38,4,6,38,64,41,52.5,1,6
1/23/2017,0.4,5,19,18,0.014,13,11,10,10.5,44,0,0,44,44,40,42,1,0
1/24/2017,0.3,3,16,15,0.02,19,7,6,8.4,35,3,4,35,41,36,38.5,1,1
1/25/2017,0.3,3,24,23,0.024,22,15,14,7.8,33,3,4,33,52,37,44.5,1,2
1/26/2017,0.2,2,10,9,0.021,19,5,5,2.8,12,0,0,19,42,33,37.5,1,3
1/27/2017,0.2,2,12,11,0.026,24,7,6,5,21,0,0,24,34,29,31.5,1,4
1/28/2017,0.2,2,7,7,0.025,23,10,9,8.9,37,0,0,37,31,28,29.5,1,5
1/29/2017,0.2,2,18,17,0.032,30,7,6,6,25,0,0,30,32,26,29,1,6
1/30/2017,0.3,3,21,20,0.033,31,9,8,2.4,10,3,4,31,27,23,25,1,0
1/31/2017,0.3,3,31,29,0.027,25,10,9,9.1,38,,,38,38,26,32,1,1
2/1/2017,0.3,3,32,30,0.029,27,8,7,5.2,22,0,0,30,38,31,34.5,2,2
2/2/2017,0.3,3,17,16,0.034,31,12,11,5,21,0,0,31,33,21,27,2,3
2/3/2017,0.3,3,24,23,0.039,36,22,20,7.1,30,0,0,36,27,18,22.5,2,4
2/4/2017,0.2,2,17,16,0.034,31,12,11,3.4,14,4,6,31,33,16,24.5,2,5
2/5/2017,0.2,2,10,9,0.03,28,16,15,8.6,36,1,1,36,44,30,37,2,6
2/6/2017,,,45,42,0.025,23,35,32,19.9,67,5,7,67,54,25,39.5,2,0
2/7/2017,0.5,6,30,28,0.027,25,15,14,9.4,39,1,1,39,60,47,53.5,2,1
2/8/2017,0.3,3,12,11,0.033,31,10,9,2.8,12,0,0,31,53,28,40.5,2,2
2/9/2017,0.2,2,10,9,0.035,32,15,14,1.9,8,0,0,32,28,19,23.5,2,3
2/10/2017,0.6,7,22,21,0.024,22,35,32,10,42,11,16,42,37,16,26.5,2,4
2/11/2017,0.6,7,33,31,0.021,19,22,20,10.5,44,0,0,44,51,37,44,2,5
2/12/2017,0.7,8,31,29,0.039,36,12,11,17.5,62,0,0,62,46,35,40.5,2,6
2/13/2017,0.5,6,46,43,0.036,33,25,23,4.4,18,1,1,43,40,31,35.5,2,0
2/14/2017,0.6,7,17,16,0.035,32,19,18,5.9,25,1,1,32,52,32,42,2,1
2/15/2017,0.2,2,10,9,0.033,31,9,8,2.2,9,0,0,31,42,28,35,2,2
2/16/2017,0.4,5,46,43,0.033,31,28,26,4,17,3,4,43,30,22,26,2,3
2/17/2017,0.5,6,39,37,0.032,30,49,45,14.2,55,12,17,55,54,26,40,2,4
2/18/2017,0.4,5,13,12,0.048,44,20,19,8.3,35,1,1,44,69,49,59,2,5
2/19/2017,0.5,6,39,37,0.038,35,28,26,17.7,63,0,0,63,64,42,53,2,6
2/20/2017,1,11,45,42,0.014,13,50,46,17.1,62,2,3,62,59,33,46,2,0
2/21/2017,0.6,7,43,41,0.026,24,71,59,14.3,56,8,11,59,67,45,56,2,1
2/22/2017,0.7,8,38,36,0.034,31,28,26,17.4,62,4,6,62,63,52,57.5,2,2
2/23/2017,0.5,6,36,34,0.027,25,27,25,15,57,0,0,57,68,52,60,2,3
2/24/2017,0.5,6,30,28,0.038,35,32,30,13.3,54,7,10,54,77,45,61,2,4
2/25/2017,0.2,2,5,5,0.031,29,5,5,3.4,14,0,0,29,61,27,44,2,5
2/26/2017,0.2,2,7,7,0.036,33,8,7,4.2,18,0,0,33,43,26,34.5,2,6
2/27/2017,0.3,3,18,17,0.036,33,14,13,4.3,18,1,1,33,50,36,43,2,0
2/28/2017,0.6,7,25,24,0.029,27,29,27,13.1,53,6,9,53,61,39,50,2,1
3/1/2017,0.4,5,29,27,0.037,34,11,10,,,1,1,34,65,35,50,3,2
3/2/2017,0.2,2,9,8,0.038,35,12,11,2.8,12,0,0,35,35,27,31,3,3
3/3/2017,0.2,2,14,13,0.038,35,14,13,2.7,11,0,0,35,28,24,26,3,4
3/4/2017,0.2,2,12,11,0.04,37,10,9,1.4,6,0,0,37,29,21,25,3,5
3/5/2017,0.4,5,14,13,0.035,32,14,13,,,3,4,32,48,20,34,3,6
3/6/2017,,,43,41,0.037,34,46,43,,,12,17,43,59,45,52,3,0
3/7/2017,0.4,5,11,10,0.037,34,14,13,8.2,34,1,1,34,61,44,52.5,3,1
3/9/2017,,,,,0.035,32,,,,,,,32,49,34,41.5,3,3
3/10/2017,0.2,2,10,9,0.038,35,,,4.2,18,1,1,35,36,22,29,3,4
3/11/2017,0.2,2,17,16,0.04,37,,,2.8,12,1,1,37,28,19,23.5,3,5
3/12/2017,0.2,2,18,17,0.04,37,,,0.7,3,1,1,37,29,22,25.5,3,6
3/13/2017,0.3,3,16,15,0.032,30,,,2.7,11,0,0,30,33,23,28,3,0
3/14/2017,0.2,2,8,8,0.038,35,,,1.6,7,0,0,35,27,19,23,3,1
3/15/2017,0.2,2,9,8,0.043,40,,,1.9,8,0,0,40,31,20,25.5,3,2
3/16/2017,0.3,3,40,38,0.04,37,,,4,17,1,1,38,38,26,32,3,3
3/17/2017,0.7,8,49,46,0.033,31,,,16.5,60,8,11,60,43,23,33,3,4
3/18/2017,0.4,5,19,18,0.028,26,,,12.3,51,1,1,51,41,35,38,3,5
3/19/2017,0.3,3,35,33,0.038,35,,,20.7,69,1,1,69,39,35,37,3,6
3/20/2017,0.5,6,36,34,0.021,19,,,19.1,66,4,6,66,49,34,41.5,3,0
3/21/2017,0.5,6,37,35,0.038,35,,,16.8,61,0,0,61,57,33,45,3,1
3/22/2017,0.3,3,20,19,,,,,1.2,5,0,0,19,33,23,28,3,2
3/23/2017,0.6,7,45,42,0.036,33,,,10,42,3,4,42,51,18,34.5,3,3
3/24/2017,0.5,6,20,19,0.05,46,,,13.5,54,2,3,54,74,42,58,3,4
3/25/2017,0.6,7,42,40,0.022,20,,,15.2,58,3,4,58,66,42,54,3,5
3/26/2017,0.5,6,28,26,0.029,27,,,12.4,52,3,4,52,68,42,55,3,6
3/27/2017,0.3,3,19,18,0.025,23,,,7.7,32,0,0,32,64,54,59,3,0
3/28/2017,0.4,5,33,31,0.027,25,,,5.8,24,0,0,31,54,39,46.5,3,1
3/29/2017,0.3,3,32,30,0.034,31,,,5.8,24,0,0,31,53,38,45.5,3,2
3/30/2017,0.3,3,19,18,0.026,24,,,5.6,23,0,0,24,53,43,48,3,3
3/31/2017,0.4,5,30,28,0.028,26,,,7.1,30,0,0,30,60,39,49.5,3,4
4/1/2017,0.3,3,28,26,0.044,41,,,6.2,26,1,1,41,49,37,43,4,5
4/2/2017,0.5,6,29,27,0.041,38,,,11.7,49,2,3,49,61,36,48.5,4,6
4/3/2017,,,21,20,0.037,34,,,9.4,39,6,9,39,74,50,62,4,0
4/4/2017,0.3,3,,,0.036,33,,,5.3,22,0,0,33,61,49,55,4,1
4/5/2017,0.3,3,27,25,0.04,37,,,3.7,15,0,0,37,66,43,54.5,4,2
4/6/2017,0.3,3,21,20,0.032,30,,,4.2,18,1,1,30,59,35,47,4,3
4/7/2017,0.3,3,33,31,0.039,36,,,0,0,0,0,36,46,32,39,4,4
4/8/2017,0.5,6,43,41,0.037,34,,,5.2,22,3,4,41,59,29,44,4,5
4/9/2017,0.5,6,31,29,0.046,43,,,,,13,19,43,74,42,58,4,6
4/10/2017,,,25,24,0.051,47,,,,,12,17,47,80,61,70.5,4,0
4/11/2017,0.5,6,32,30,0.035,32,,,10.9,45,1,1,45,71,51,61,4,1
4/12/2017,0.4,5,31,29,0.033,31,,,5.4,23,0,0,31,58,47,52.5,4,2
4/13/2017,0.4,5,31,29,0.026,24,18,17,6.5,27,0,0,29,56,45,50.5,4,3
4/14/2017,0.5,6,40,38,0.038,35,24,22,6.6,28,2,3,38,66,46,56,4,4
4/15/2017,0.5,6,24,23,0.053,49,33,31,13.2,53,5,7,53,83,54,68.5,4,5
4/16/2017,0.2,2,10,9,0.047,44,17,16,7.7,32,1,1,44,80,62,71,4,6
4/17/2017,0.3,3,31,29,0.038,35,13,12,4.1,17,1,1,35,66,49,57.5,4,0
4/18/2017,0.4,5,30,28,0.046,43,24,22,5.8,24,1,1,43,72,46,59,4,1
4/19/2017,0.3,3,25,24,0.033,31,27,25,9.3,39,10,14,39,78,56,67,4,2
4/20/2017,0.4,5,29,27,0.031,29,22,20,16,59,1,1,59,82,54,68,4,3
4/21/2017,0.4,5,8,8,0.031,29,6,6,6.2,26,0,0,29,66,47,56.5,4,4
4/22/2017,0.2,2,13,12,0.033,31,5,5,3.1,13,1,1,31,52,42,47,4,5
4/23/2017,0.4,5,39,37,0.041,38,14,13,7.5,31,1,1,38,64,36,50,4,6
4/24/2017,0.6,7,44,42,0.049,45,30,28,8.2,34,10,14,45,75,42,58.5,4,0
4/25/2017,0.2,2,15,14,0.039,36,19,18,4.9,20,1,1,36,77,57,67,4,1
4/26/2017,0.4,5,33,31,0.041,38,63,55,11,46,9,13,55,82,56,69,4,2
4/27/2017,,,31,29,0.043,40,57,52,12.3,51,6,9,52,81,50,65.5,4,3
4/28/2017,0.4,5,23,22,0.032,30,22,20,9.7,40,1,1,40,64,47,55.5,4,4
4/29/2017,0.4,5,11,10,0.033,31,8,7,7.6,32,0,0,32,58,47,52.5,4,5
4/30/2017,0.3,3,13,12,0.03,28,17,16,8.2,34,2,3,34,86,49,67.5,4,6
5/1/2017,0.3,3,17,16,0.042,39,21,19,7.7,32,4,6,39,76,53,64.5,5,0
5/2/2017,,,6,6,0.041,38,6,6,1.8,8,1,1,38,54,45,49.5,5,1
5/3/2017,0.2,2,12,11,0.037,34,8,7,3.2,13,1,1,34,57,44,50.5,5,2
5/4/2017,0.3,3,22,21,0.022,20,12,11,5.9,25,1,1,25,56,48,52,5,3
5/5/2017,0.3,3,12,11,0.037,34,3,3,2.1,9,0,0,34,53,45,49,5,4
5/6/2017,0.2,2,4,4,0.034,31,4,4,2.5,10,0,0,31,52,45,48.5,5,5
5/7/2017,0.2,2,13,12,0.039,36,6,6,1.5,6,1,1,36,56,40,48,5,6
5/8/2017,0.2,2,35,33,0.041,38,25,23,2.1,9,,,38,55,36,45.5,5,0
5/9/2017,0.5,6,48,45,0.043,40,54,50,12.6,52,10,14,52,62,36,49,5,1
5/10/2017,0.4,5,34,32,0.037,34,23,21,5,21,1,1,34,64,48,56,5,2
5/11/2017,0.3,3,19,18,0.031,29,12,11,4.9,20,0,0,29,58,51,54.5,5,3
5/12/2017,0.4,5,29,27,0.03,28,15,14,10.7,45,0,0,45,59,48,53.5,5,4
5/13/2017,0.3,3,23,22,0.047,44,19,18,10.4,43,0,0,44,70,42,56,5,5
5/14/2017,0.3,3,15,14,0.038,35,14,13,13.4,54,2,3,54,64,50,57,5,6
5/15/2017,0.4,5,38,36,0.029,27,21,19,4,17,3,4,36,68,40,54,5,0
5/16/2017,0.4,5,26,25,0.061,71,57,52,11,46,3,4,71,87,49,68,5,1
5/17/2017,0.4,5,41,39,0.05,46,64,55,15.1,57,5,7,57,90,70,80,5,2
5/18/2017,0.2,2,11,10,0.048,44,44,41,25.5,79,0,0,79,89,71,80,5,3
5/19/2017,0.2,2,11,10,0.025,23,11,10,5.6,23,0,0,23,72,52,62,5,4
5/20/2017,0.3,3,11,10,0.031,29,15,14,7,29,0,0,29,73,54,63.5,5,5
5/21/2017,0.5,6,11,10,0.031,29,20,19,11.2,47,1,1,47,76,65,70.5,5,6
5/22/2017,0.2,2,21,20,0.045,42,14,13,4.8,20,14,20,42,71,54,62.5,5,0
5/23/2017,0.4,5,39,37,0.047,44,35,32,11.3,47,10,14,47,77,52,64.5,5,1
5/24/2017,0.4,5,32,30,0.033,31,18,17,9,38,3,4,38,68,61,64.5,5,2
5/25/2017,0.3,3,22,21,0.029,27,8,7,4.9,20,0,0,27,63,59,61,5,3
5/26/2017,0.3,3,31,29,0.037,34,11,10,5.2,22,0,0,34,70,58,64,5,4
5/27/2017,0.4,5,24,23,0.039,36,12,11,10.1,42,0,0,42,73,59,66,5,5
5/28/2017,0.4,5,14,13,0.039,36,23,21,12.3,51,10,14,51,81,59,70,5,6
5/29/2017,0.3,3,14,13,0.047,44,16,15,6.8,28,8,11,44,82,60,71,5,0
5/30/2017,0.3,3,20,19,0.044,41,27,25,4.7,20,6,9,41,79,58,68.5,5,1
5/31/2017,0.3,3,36,34,0.047,44,40,37,8.3,35,12,17,44,78,56,67,5,2
6/1/2017,0.3,3,39,37,0.042,39,27,25,6.5,27,10,14,39,73,53,63,6,3
6/2/2017,0.5,6,38,36,0.041,38,44,41,14.7,56,10,14,56,80,52,66,6,4
6/3/2017,0.3,3,18,17,0.045,42,29,27,11.8,49,1,1,49,82,56,69,6,5
6/4/2017,0.4,5,33,31,0.051,47,29,27,13.4,54,11,16,54,88,69,78.5,6,6
6/5/2017,0.2,2,11,10,0.042,39,12,11,6.1,25,0,0,39,71,59,65,6,0
6/6/2017,0.2,2,10,9,0.03,28,10,9,5,21,0,0,28,68,52,60,6,1
6/7/2017,0.3,3,17,16,0.028,26,9,8,3.6,15,0,0,26,66,54,60,6,2
6/8/2017,0.6,7,36,34,0.036,33,30,28,8.9,37,5,7,37,73,50,61.5,6,3
6/9/2017,0.5,6,36,34,0.043,40,69,58,16.3,60,17,24,60,79,53,66,6,4
6/10/2017,0.7,8,10,9,0.064,80,30,28,10,42,1,1,80,89,67,78,6,5
6/11/2017,0.8,9,19,18,0.059,64,23,21,,,10,14,64,91,69,80,6,6
6/12/2017,,,14,13,0.053,49,28,26,,,1,1,49,93,73,83,6,0
6/13/2017,0.3,3,18,17,0.07,100,33,31,,,3,4,100,93,73,83,6,1
6/14/2017,0.4,5,28,26,0.052,48,40,37,13,53,3,4,53,88,69,78.5,6,2
6/15/2017,0.4,5,32,30,0.044,41,24,22,7.9,33,14,20,41,86,72,79,6,3
6/16/2017,0.3,3,24,23,0.055,51,22,20,4.9,20,7,10,51,91,70,80.5,6,4
6/17/2017,0.3,3,15,14,0.056,54,29,27,10.3,43,5,7,54,92,72,82,6,5
6/18/2017,0.2,2,5,5,0.039,36,19,18,3,13,0,0,36,90,72,81,6,6
6/19/2017,0.2,2,15,14,0.041,38,13,12,-0.1,0,1,1,38,81,63,72,6,0
6/20/2017,0.2,2,14,13,0.043,40,12,11,0.3,1,0,0,40,80,60,70,6,1
6/21/2017,0.3,3,27,25,0.041,38,14,13,5,21,2,3,38,76,60,68,6,2
6/22/2017,0.3,3,27,25,0.044,41,37,34,7.8,33,4,6,41,89,62,75.5,6,3
6/23/2017,0.3,3,11,10,0.028,26,10,9,-2.9,0,0,0,26,78,71,74.5,6,4
6/24/2017,0.2,2,9,8,0.041,38,13,12,0.9,4,0,0,38,81,63,72,6,5
6/25/2017,0.2,2,9,8,0.043,40,12,11,0.8,3,0,0,40,76,60,68,6,6
6/26/2017,0.2,2,11,10,,,13,12,1.5,6,0,0,12,74,56,65,6,0
6/27/2017,0.2,2,30,28,0.033,31,16,15,1.9,8,8,11,31,72,53,62.5,6,1
6/28/2017,0.2,2,16,15,0.047,44,24,22,3.1,13,7,10,44,79,57,68,6,2
6/29/2017,0.2,2,22,21,0.052,48,36,33,4.7,20,7,10,48,88,68,78,6,3
6/30/2017,0.3,3,16,15,0.043,40,16,15,2.3,10,1,1,40,88,70,79,6,4
7/1/2017,0.2,2,24,23,0.044,41,13,12,3.4,14,2,3,41,85,69,77,7,5
7/2/2017,0.3,3,12,11,0.053,49,18,17,4.3,18,0,0,49,85,67,76,7,6
7/3/2017,,,15,14,0.043,40,16,15,4.3,18,4,6,40,82,69,75.5,7,0
7/4/2017,0.3,3,13,12,0.038,35,20,19,7.3,30,2,3,35,79,68,73.5,7,1
7/5/2017,0.3,3,23,22,0.035,32,22,20,9.3,39,0,0,39,82,61,71.5,7,2
7/6/2017,0.7,8,34,32,0.054,50,54,50,15,57,14,20,57,83,66,74.5,7,3
7/7/2017,0.4,5,17,16,0.05,46,16,15,2.8,12,1,1,46,83,68,75.5,7,4
7/8/2017,0.3,3,13,12,0.033,31,14,13,4.4,18,9,13,31,77,63,70,7,5
7/9/2017,0.4,5,16,15,0.05,46,20,19,6.2,26,7,10,46,82,59,70.5,7,6
7/10/2017,,,31,29,0.027,25,26,24,7.1,30,9,13,30,76,63,69.5,7,0
7/11/2017,0.3,3,,,0.043,40,19,18,4.8,20,0,0,40,87,70,78.5,7,1
7/12/2017,0.3,3,11,10,0.045,42,21,19,3.8,16,0,0,42,88,72,80,7,2
7/13/2017,0.2,2,16,15,0.03,28,18,17,6.3,26,0,0,28,84,73,78.5,7,3
7/14/2017,0.2,2,10,9,0.039,36,14,13,2.3,10,0,0,36,85,72,78.5,7,4
7/15/2017,0.2,2,21,20,0.032,30,12,11,2.6,11,3,4,30,79,65,72,7,5
7/16/2017,0.3,3,15,14,0.043,40,18,17,6.8,28,7,10,40,85,62,73.5,7,6
7/17/2017,0.2,2,24,23,0.034,31,15,14,5.7,24,0,0,31,78,66,72,7,0
7/18/2017,0.4,5,31,29,0.049,45,48,44,11.7,49,40,56,56,87,62,74.5,7,1
7/19/2017,0.4,5,36,34,0.061,71,33,31,12.4,52,6,9,71,92,74,83,7,2
7/20/2017,0.3,3,31,29,0.049,45,28,26,6.3,26,4,6,45,89,74,81.5,7,3
7/21/2017,0.3,3,40,38,0.049,45,26,24,7.2,30,5,7,45,91,73,82,7,4
7/22/2017,0.3,3,18,17,0.04,37,18,17,6.1,25,3,4,37,85,75,80,7,5
7/23/2017,0.2,2,8,8,0.047,44,11,10,1.6,7,0,0,44,85,71,78,7,6
7/24/2017,0.2,2,13,12,0.028,26,9,8,0.3,1,2,3,26,76,68,72,7,0
7/25/2017,0.2,2,18,17,0.028,26,10,9,-2.7,0,1,1,26,77,64,70.5,7,1
7/26/2017,0.3,3,29,27,0.049,45,32,30,6.8,28,6,9,45,85,57,71,7,2
7/27/2017,0.4,5,32,30,0.054,50,43,40,,,7,10,50,87,66,76.5,7,3
7/28/2017,0.3,3,19,18,0.029,27,19,18,,,0,0,27,82,68,75,7,4
7/29/2017,0.3,3,11,10,0.031,29,12,11,-0.7,0,0,0,29,80,62,71,7,5
7/30/2017,0.3,3,18,17,0.032,30,14,13,1.4,6,0,0,30,85,60,72.5,7,6
7/31/2017,0.4,5,35,33,0.04,37,46,43,10,42,24,34,43,87,62,74.5,7,0
8/1/2017,0.6,7,46,43,0.053,49,50,46,12.3,51,28,40,51,88,63,75.5,8,1
8/2/2017,0.4,5,35,33,0.064,80,52,48,16.6,60,,,80,90,66,78,8,2
8/3/2017,0.4,5,32,30,0.043,40,46,43,10.2,43,9,13,43,87,67,77,8,3
8/4/2017,0.4,5,22,21,0.031,29,20,19,6.5,27,1,1,29,82,63,72.5,8,4
8/5/2017,0.2,2,24,23,0.034,31,13,12,1.6,7,0,0,31,78,59,68.5,8,5
8/6/2017,0.4,5,19,18,0.038,35,25,23,7.8,33,6,9,35,80,60,70,8,6
8/7/2017,,,23,22,0.041,38,31,29,9.9,41,4,6,41,79,60,69.5,8,0
8/8/2017,0.3,3,30,28,0.039,36,18,17,4.6,19,23,33,36,81,62,71.5,8,1
8/9/2017,,,31,29,0.048,44,43,40,,,13,19,44,84,59,71.5,8,2
8/10/2017,0.4,5,33,31,0.046,43,52,48,13.1,53,7,10,53,84,60,72,8,3
8/11/2017,0.4,5,21,20,0.039,36,34,31,10.1,42,4,6,42,84,69,76.5,8,4
8/12/2017,0.2,2,15,14,0.048,44,14,13,4.8,20,0,0,44,79,64,71.5,8,5
8/13/2017,0.2,2,19,18,0.027,25,12,11,1.1,5,2,3,25,80,59,69.5,8,6
8/14/2017,0.5,6,39,37,0.044,41,40,37,8.5,35,10,14,41,85,63,74,8,0
8/15/2017,0.4,5,37,35,0.056,54,44,41,,,8,11,54,90,67,78.5,8,1
8/16/2017,0.4,5,34,32,0.039,36,37,34,9.2,38,1,1,38,86,62,74,8,2
8/17/2017,0.4,5,28,26,0.023,21,49,45,12.2,51,2,3,51,92,72,82,8,3
8/18/2017,0.2,2,11,10,0.041,38,17,16,-0.2,0,0,0,38,85,70,77.5,8,4
8/19/2017,0.4,5,27,25,0.05,46,18,17,4.9,20,2,3,46,83,65,74,8,5
8/20/2017,0.4,5,18,17,0.052,48,28,26,14,55,6,9,55,89,61,75,8,6
8/21/2017,0.4,5,33,31,0.047,44,40,37,11,46,3,4,46,92,73,82.5,8,0
8/22/2017,0.3,3,,,0.035,32,25,23,7.6,32,2,3,32,86,69,77.5,8,1
8/23/2017,0.3,3,30,28,0.033,31,17,16,3.8,16,1,1,31,79,60,69.5,8,2
8/24/2017,0.4,5,25,24,0.032,30,16,15,4.2,18,4,6,30,72,59,65.5,8,3
8/25/2017,0.4,5,30,28,0.028,26,23,21,7.1,30,1,1,30,74,55,64.5,8,4
8/26/2017,0.5,6,25,24,0.039,36,36,33,12.5,52,30,43,52,74,52,63,8,5
8/27/2017,0.5,6,22,21,0.042,39,31,29,10.7,45,10,14,45,79,53,66,8,6
8/28/2017,0.3,3,18,17,,,58,52,11.2,47,4,6,52,80,66,73,8,0
8/29/2017,0.2,2,21,20,0.037,34,31,29,10.2,43,2,3,43,75,64,69.5,8,1
8/30/2017,0.5,6,27,25,0.051,47,34,31,11.6,48,5,7,48,81,63,72,8,2
8/31/2017,0.3,3,16,15,0.027,25,16,15,8.3,35,1,1,35,72,62,67,8,3
9/1/2017,0.3,3,13,12,0.028,26,10,9,1.8,8,0,0,26,71,56,63.5,9,4
9/2/2017,0.2,2,10,9,0.026,24,13,12,1.5,6,0,0,24,66,59,62.5,9,5
9/3/2017,0.4,5,24,23,0.042,39,18,17,9.3,39,1,1,39,78,61,69.5,9,6
9/4/2017,0.4,5,7,7,0.047,44,27,25,9.3,39,1,1,44,88,62,75,9,0
9/5/2017,,,15,14,0.037,34,13,12,6,25,0,0,34,78,57,67.5,9,1
9/6/2017,0.3,3,19,18,0.026,24,14,13,4.9,20,0,0,24,69,52,60.5,9,2
9/7/2017,0.3,3,11,10,0.02,19,8,7,2.9,12,0,0,19,70,50,60,9,3
9/8/2017,0.3,3,19,18,0.031,29,8,7,2.1,9,0,0,29,69,53,61,9,4
9/9/2017,0.3,3,19,18,0.028,26,14,13,4.1,17,0,0,26,69,50,59.5,9,5
9/10/2017,0.4,5,23,22,0.027,25,17,16,5.9,25,3,4,25,72,45,58.5,9,6
9/11/2017,0.4,5,26,25,0.029,27,34,31,9.5,40,6,9,40,77,50,63.5,9,0
9/12/2017,0.4,5,26,25,0.032,30,26,24,4.9,20,2,3,30,77,53,65,9,1
9/13/2017,0.5,6,24,23,0.028,26,40,37,6.6,28,4,6,37,83,64,73.5,9,2
9/14/2017,0.3,3,24,23,0.021,19,18,17,3.6,15,2,3,23,75,61,68,9,3
9/15/2017,0.5,6,37,35,0.032,30,45,42,10.8,45,2,3,45,81,56,68.5,9,4
9/16/2017,0.6,7,25,24,0.041,38,36,33,20.8,69,13,19,69,81,60,70.5,9,5
9/17/2017,0.5,6,26,25,0.045,42,32,30,16.7,61,7,10,61,85,63,74,9,6
9/18/2017,0.6,7,28,26,0.041,38,51,47,15.1,57,10,14,57,88,62,75,9,0
9/19/2017,0.6,7,36,34,0.027,25,67,57,18.3,64,6,9,64,83,66,74.5,9,1
9/20/2017,0.8,9,35,33,0.041,38,44,41,13,53,6,9,53,88,68,78,9,2
9/21/2017,0.6,7,44,42,0.042,39,59,53,17.3,62,15,21,62,92,64,78,9,3
9/22/2017,0.4,5,37,35,0.039,36,57,52,11.7,49,19,27,52,92,64,78,9,4
9/23/2017,0.7,8,41,39,0.05,46,53,49,13,53,18,26,53,91,62,76.5,9,5
9/24/2017,0.8,9,40,38,0.054,50,46,43,19.5,67,12,17,67,93,64,78.5,9,6
9/25/2017,0.4,5,46,43,0.053,49,52,48,17.8,63,6,9,63,94,69,81.5,9,0
9/26/2017,0.4,5,50,47,0.051,47,58,52,16.1,59,36,51,59,92,68,80,9,1
9/27/2017,0.4,5,46,43,0.046,43,48,44,16.1,59,108,115,115,86,65,75.5,9,2
9/28/2017,0.2,2,22,21,0.034,31,10,9,0.9,4,1,1,31,69,51,60,9,3
9/29/2017,0.4,5,28,26,0.036,33,37,34,5.8,24,5,7,34,72,47,59.5,9,4
9/30/2017,0.2,2,13,12,0.031,29,9,8,0.6,3,0,0,29,63,46,54.5,9,5
10/1/2017,0.4,5,35,33,0.035,32,19,18,6.5,27,33,47,47,72,39,55.5,10,6
10/2/2017,,,39,37,0.037,34,64,55,10.6,44,58,79,79,80,47,63.5,10,0
10/3/2017,0.4,5,36,34,0.041,38,60,53,11,46,40,56,56,85,51,68,10,1
10/4/2017,0.4,5,40,38,0.035,32,56,51,9.5,40,69,92,92,84,68,76,10,2
10/5/2017,0.3,3,23,22,0.027,25,17,16,5.7,24,0,0,25,75,61,68,10,3
10/6/2017,0.3,3,26,25,0.021,19,24,22,14.7,56,1,1,56,70,65,67.5,10,4
10/7/2017,0.3,3,16,15,0.039,36,25,23,11.1,46,5,7,46,84,66,75,10,5
10/8/2017,0.3,3,8,8,0.027,25,9,8,2,8,0,0,25,74,65,69.5,10,6
10/9/2017,0.4,5,26,25,0.021,19,16,15,8.1,34,0,0,34,71,63,67,10,0
10/10/2017,0.7,8,,,0.032,30,44,41,22.4,73,1,1,73,78,57,67.5,10,1
10/11/2017,0.4,5,22,21,0.012,11,13,12,7.5,31,0,0,31,67,60,63.5,10,2
10/12/2017,0.4,5,16,15,0.013,12,18,17,6.1,25,0,0,25,70,58,64,10,3
10/13/2017,0.5,6,34,32,0.028,26,28,26,8.5,35,3,4,35,75,57,66,10,4
10/14/2017,0.5,6,24,23,0.044,41,38,35,20,68,7,10,68,80,54,67,10,5
10/15/2017,0.3,3,3,3,0.031,29,15,14,3.9,16,0,0,29,79,53,66,10,6
10/16/2017,,,28,26,0.029,27,14,13,2.7,11,9,13,27,57,41,49,10,0
10/17/2017,0.4,5,29,27,0.036,33,28,26,6.9,29,5,7,33,67,40,53.5,10,1
10/18/2017,0.7,8,36,34,0.037,34,49,45,10,42,10,14,45,70,47,58.5,10,2
10/19/2017,0.3,3,35,33,0.045,42,38,35,8.7,36,3,4,42,74,49,61.5,10,3
10/20/2017,0.6,7,43,41,0.032,30,63,55,14.3,56,40,56,56,75,44,59.5,10,4
10/21/2017,0.4,5,33,31,0.043,40,38,35,13.7,54,17,24,54,76,47,61.5,10,5
10/22/2017,0.4,5,19,18,0.043,40,31,29,13.3,54,19,27,54,79,52,65.5,10,6
10/23/2017,0.3,3,29,27,0.032,30,36,33,8.1,34,12,17,34,68,58,63,10,0
10/24/2017,0.2,2,,,0.03,28,11,10,2.4,10,1,1,28,58,46,52,10,1
10/25/2017,0.2,2,,,0.025,23,10,9,1.3,5,0,0,23,53,44,48.5,10,2
10/26/2017,0.4,5,32,30,0.03,28,16,15,5.4,23,13,19,30,56,39,47.5,10,3
10/27/2017,0.4,5,25,24,0.038,35,28,26,6.2,26,11,16,35,69,44,56.5,10,4
10/28/2017,0.2,2,9,8,0.019,18,5,5,1.7,7,0,0,18,44,37,40.5,10,5
10/29/2017,0.2,2,15,14,0.027,25,5,5,2,8,1,1,25,46,35,40.5,10,6
10/30/2017,0.2,2,14,13,0.021,19,10,9,3.2,13,0,0,19,45,36,40.5,10,0
10/31/2017,,,25,24,0.024,22,16,15,1.7,7,1,1,24,45,33,39,10,1
11/1/2017,,,25,24,0.022,20,29,27,9.6,40,2,3,40,53,35,44,11,2
11/2/2017,0.5,6,23,22,0.029,27,24,22,8.4,35,3,4,35,67,53,60,11,3
11/3/2017,0.3,3,15,14,0.024,22,11,10,2.8,12,0,0,22,67,43,55,11,4
11/4/2017,0.3,3,19,18,0.017,16,15,14,3.9,16,1,1,18,62,39,50.5,11,5
11/5/2017,0.3,3,11,10,0.02,19,15,14,4.8,20,0,0,20,68,58,63,11,6
11/6/2017,0.2,2,11,10,0.023,21,7,6,1.3,5,0,0,21,61,43,52,11,0
11/7/2017,0.3,3,14,13,0.024,22,11,10,2.2,9,0,0,22,49,41,45,11,1
11/8/2017,0.5,6,34,32,,,29,27,8.3,35,10,14,35,51,32,41.5,11,2
11/9/2017,0.7,8,30,28,,,43,40,20.1,68,10,14,68,53,29,41,11,3
11/10/2017,0.2,2,,,0.031,29,8,7,0.9,4,0,0,29,35,23,29,11,4
11/11/2017,0.4,5,30,28,0.029,27,15,14,6.3,26,26,37,37,38,20,29,11,5
11/12/2017,0.5,6,35,33,0.018,17,27,25,,,8,11,33,47,27,37,11,6
11/13/2017,,,32,30,0.024,22,18,17,,,1,1,30,44,39,41.5,11,0
11/14/2017,0.4,5,32,30,0.017,16,22,20,16.6,60,2,3,60,50,33,41.5,11,1
11/15/2017,0.4,5,27,25,0.015,14,38,35,17.1,62,5,7,62,49,32,40.5,11,2
11/16/2017,0.2,2,11,10,0.023,21,7,6,2.8,12,0,0,21,49,39,44,11,3
11/17/2017,0.3,3,12,11,0.021,19,18,17,3.8,16,3,4,19,47,38,42.5,11,4
11/18/2017,0.5,6,18,17,0.023,21,15,14,7.3,30,0,0,30,57,37,47,11,5
11/19/2017,0.3,3,3,3,,,6,6,0.6,3,0,0,6,41,32,36.5,11,6
11/20/2017,,,16,15,0.028,26,13,12,5.4,23,1,1,26,47,29,38,11,0
11/21/2017,0.4,5,16,15,0.031,29,19,18,4.6,19,1,1,29,56,37,46.5,11,1
11/22/2017,0.2,2,22,21,0.026,24,9,8,1.7,7,0,0,24,39,30,34.5,11,2
11/23/2017,0.2,2,17,16,0.028,26,8,7,6.1,25,0,0,26,40,26,33,11,3
11/24/2017,0.4,5,20,19,0.031,29,27,25,9.9,41,9,13,41,54,33,43.5,11,4
11/25/2017,0.3,3,10,9,0.031,29,12,11,3.1,13,0,0,29,53,41,47,11,5
11/26/2017,0.2,2,11,10,0.035,32,6,6,1.3,5,0,0,32,43,32,37.5,11,6
11/28/2017,,,,,0.038,35,,,,,,,35,66,47,56.5,11,1
11/29/2017,0.2,2,19,18,0.024,22,15,14,3,13,1,1,22,59,34,46.5,11,2
11/30/2017,0.3,3,35,33,0.021,19,31,29,11,46,10,14,46,55,34,44.5,11,3
12/1/2017,0.7,8,39,37,0.021,19,29,27,10.6,44,1,1,44,48,29,38.5,12,4
12/2/2017,0.8,9,36,34,0.013,12,38,35,23.6,75,7,10,75,50,27,38.5,12,5
12/3/2017,0.7,8,39,37,0.015,14,37,34,34.3,98,7,10,98,55,30,42.5,12,6
12/4/2017,,,34,32,0.034,31,68,57,18.4,64,17,24,64,59,32,45.5,12,0
12/5/2017,0.3,3,,,0.027,25,14,13,5.3,22,1,1,25,57,32,44.5,12,1
12/6/2017,0.2,2,11,10,0.024,22,10,9,1.3,5,0,0,22,42,28,35,12,2
12/7/2017,0.2,2,21,20,0.022,20,16,15,4.7,20,0,0,20,35,25,30,12,3
12/8/2017,0.3,3,16,15,0.026,24,13,12,3.5,15,0,0,24,33,20,26.5,12,4
12/9/2017,0.4,5,23,22,0.023,21,19,18,9.1,38,5,7,38,34,20,27,12,5
12/10/2017,0.3,3,13,12,0.024,22,13,12,,,0,0,22,31,25,28,12,6
12/11/2017,0.3,3,22,21,0.02,19,18,17,,,1,1,21,35,29,32,12,0
12/12/2017,0.4,5,15,14,0.035,32,15,14,3.5,15,0,0,32,35,18,26.5,12,1
12/13/2017,0.3,3,17,16,0.024,22,13,12,3.5,15,0,0,22,25,17,21,12,2
12/14/2017,0.3,3,27,25,0.03,28,11,10,4.7,20,0,0,28,28,10,19,12,3
12/15/2017,0.6,7,20,19,0.022,20,22,20,13.3,54,3,4,54,28,6,17,12,4
12/16/2017,0.5,6,29,27,0.021,19,16,15,8.8,37,1,1,37,41,27,34,12,5
12/17/2017,0.7,8,31,29,0.014,13,24,22,25.1,78,2,3,78,39,23,31,12,6
12/18/2017,0.3,3,16,15,0.02,19,12,11,10.9,45,0,0,45,45,38,41.5,12,0
12/19/2017,0.2,2,12,11,0.024,22,17,16,10.8,45,0,0,45,52,37,44.5,12,1
12/20/2017,0.3,3,36,34,0.029,27,23,21,2.8,12,0,0,34,40,26,33,12,2
12/21/2017,0.3,3,27,25,0.016,15,19,18,3.3,14,0,0,25,39,30,34.5,12,3
12/22/2017,0.5,6,27,25,0.009,8,20,19,14.4,56,1,1,56,43,37,40,12,4
12/23/2017,0.5,6,18,17,0.022,20,6,6,7.6,32,0,0,32,39,29,34,12,5
12/24/2017,0.3,3,28,26,0.025,23,9,8,12.4,52,0,0,52,33,27,30,12,6
12/25/2017,0.3,3,8,8,0.032,30,11,10,4.7,20,0,0,30,28,13,20.5,12,0
12/26/2017,0.2,2,13,12,0.03,28,14,13,6.6,28,0,0,28,15,9,12,12,1
12/27/2017,0.3,3,29,27,0.025,23,10,9,12.1,51,1,1,51,13,4,8.5,12,2
12/28/2017,0.3,3,31,29,0.019,18,15,14,11.9,50,2,3,50,18,7,12.5,12,3
12/29/2017,0.3,3,19,18,0.022,20,14,13,15.8,59,1,1,59,19,14,16.5,12,4
12/30/2017,0.2,2,16,15,0.032,30,8,7,10.3,43,0,0,43,18,14,16,12,5
12/31/2017,0.3,3,27,25,,,12,11,4.4,18,1,1,25,19,3,11,12,6
1/1/2018,,,27,25,0.031,29,11,10,13.8,55,0,0,55,12,0,6,1,0
1/2/2018,0.2,2,14,13,0.032,30,17,16,6.8,28,0,0,30,14,5,9.5,1,1
1/3/2018,,,34,32,0.027,25,31,29,13.6,54,3,4,54,21,4,12.5,1,2
1/4/2018,0.2,2,14,13,0.034,31,14,13,2.8,12,0,0,31,19,4,11.5,1,3
1/5/2018,0.3,3,12,11,0.031,29,17,16,0.7,3,0,0,29,10,-2,4,1,4
1/6/2018,0.3,3,29,27,0.033,31,15,14,1.4,6,0,0,31,12,-1,5.5,1,5
1/7/2018,0.4,5,34,32,0.026,24,28,26,12.1,51,13,19,51,31,-5,13,1,6
1/8/2018,0.4,5,14,13,0.021,19,12,11,6,25,2,3,25,37,31,34,1,0
1/9/2018,0.6,7,37,35,0.018,17,15,14,23.2,74,1,1,74,35,25,30,1,1
1/10/2018,0.6,7,29,27,0.017,16,18,17,21.5,71,0,0,71,54,25,39.5,1,2
1/11/2018,0.5,6,25,24,0.018,17,18,17,4.2,18,2,3,24,62,53,57.5,1,3
1/12/2018,0.3,3,14,13,0.037,34,9,8,0.7,3,0,0,34,60,20,40,1,4
1/13/2018,0.2,2,6,6,0.034,31,7,6,0.4,2,0,0,31,20,16,18,1,5
1/14/2018,0.3,3,30,28,0.029,27,12,11,6.8,28,1,1,28,19,10,14.5,1,6
1/15/2018,0.4,5,36,34,0.018,17,18,17,10.7,45,1,1,45,28,9,18.5,1,0
1/16/2018,0.5,6,,,0.022,20,15,14,14.5,56,0,0,56,26,3,14.5,1,1
1/17/2018,0.3,3,21,20,0.026,24,16,15,19,66,0,0,66,20,2,11,1,2
1/18/2018,0.2,2,15,14,0.03,28,19,18,13.7,54,1,1,54,31,14,22.5,1,3
1/19/2018,0.3,3,22,21,0.035,32,24,22,13.8,55,2,3,55,39,23,31,1,4
1/20/2018,0.3,3,20,19,0.036,33,18,17,8.1,34,1,1,34,43,36,39.5,1,5
1/21/2018,0.5,6,24,23,0.019,18,22,20,19.1,66,0,0,66,48,37,42.5,1,6
1/22/2018,0.5,6,23,22,0.031,29,23,21,12.1,51,2,3,51,62,47,54.5,1,0
1/23/2018,0.3,3,,,0.03,28,7,6,2.3,10,0,0,28,56,31,43.5,1,1
1/24/2018,0.2,2,,,0.031,29,6,6,1.8,8,,,29,31,26,28.5,1,2
1/25/2018,0.4,5,29,27,0.026,24,15,14,7.6,32,0,0,32,35,25,30,1,3
1/26/2018,0.4,5,30,28,0.035,32,41,38,12,50,11,16,50,54,31,42.5,1,4
1/27/2018,0.4,5,9,8,0.031,29,15,14,7,29,0,0,29,51,37,44,1,5
1/28/2018,0.6,7,32,30,0.021,19,21,19,14.4,56,1,1,56,49,27,38,1,6
1/29/2018,,,32,30,0.033,31,14,13,16.2,60,1,1,60,39,21,30,1,0
1/30/2018,0.2,2,22,21,0.032,30,10,9,1.4,6,0,0,30,22,16,19,1,1
1/31/2018,0.4,5,26,25,0.028,26,32,30,6.4,27,3,4,30,43,16,29.5,1,2
2/1/2018,0.2,2,16,15,0.031,29,19,18,7.9,33,0,0,33,44,18,31,2,3
2/2/2018,0.2,2,12,11,0.032,30,30,28,2,8,0,0,30,19,14,16.5,2,4
2/3/2018,0.5,6,14,13,0.028,26,32,30,7.4,31,7,10,31,35,14,24.5,2,5
2/4/2018,0.4,5,13,12,0.035,32,11,10,3.9,16,2,3,32,38,19,28.5,2,6
2/5/2018,0.2,2,12,11,0.036,33,9,8,2.9,12,0,0,33,22,12,17,2,0
2/6/2018,0.4,5,40,38,0.031,29,16,15,12.9,53,0,0,53,26,20,23,2,1
2/7/2018,0.4,5,29,27,0.035,32,14,13,15.6,58,0,0,58,23,18,20.5,2,2
2/8/2018,0.3,3,31,29,0.035,32,16,15,18.2,64,0,0,64,21,11,16,2,3
2/9/2018,0.4,5,45,42,0.024,22,29,27,23.6,75,5,7,75,42,13,27.5,2,4
2/10/2018,0.4,5,25,24,0.029,27,16,15,28.4,85,0,0,85,34,26,30,2,5
2/11/2018,0.4,5,25,24,0.035,32,13,12,18,63,0,0,63,41,27,34,2,6
2/12/2018,0.3,3,23,22,0.041,38,17,16,10.4,43,0,0,43,29,18,23.5,2,0
2/13/2018,0.6,7,49,46,0.029,27,34,31,12.1,51,2,3,51,38,16,27,2,1
2/14/2018,0.5,6,24,23,0.022,20,18,17,17.1,62,0,0,62,48,35,41.5,2,2
2/15/2018,0.5,6,21,20,0.017,16,11,10,5.1,21,0,0,21,61,48,54.5,2,3
2/16/2018,0.3,3,15,14,0.031,29,16,15,10.2,43,0,0,43,48,30,39,2,4
2/17/2018,0.3,3,12,11,0.03,28,14,13,10.3,43,2,3,43,34,29,31.5,2,5
2/18/2018,0.3,3,27,25,0.031,29,16,15,13.4,54,0,0,54,44,32,38,2,6
2/19/2018,0.4,5,25,24,0.022,20,19,18,8.3,35,1,1,35,65,35,50,2,0
2/20/2018,0.3,3,10,9,0.028,26,19,18,4.1,17,1,1,26,73,63,68,2,1
2/21/2018,0.2,2,13,12,0.029,27,7,6,1.7,7,0,0,27,69,33,51,2,2
2/22/2018,0.3,3,18,17,0.021,19,8,7,5.1,21,0,0,21,42,32,37,2,3
2/23/2018,0.3,3,22,21,0.014,13,9,8,8.1,34,0,0,34,62,37,49.5,2,4
2/24/2018,0.3,3,19,18,0.022,20,8,7,7.7,32,0,0,32,48,37,42.5,2,5
2/25/2018,0.3,3,10,9,0.032,30,8,7,,,0,0,30,60,37,48.5,2,6
2/26/2018,0.3,3,38,36,0.034,31,22,20,,,0,0,36,52,32,42,2,0
2/27/2018,0.5,6,43,41,0.042,39,47,44,7,29,4,6,44,59,36,47.5,2,1
2/28/2018,0.4,5,43,41,0.033,31,37,34,6.8,28,3,4,41,57,40,48.5,2,2
3/1/2018,0.4,5,34,32,,,12,11,9.9,41,0,0,41,49,33,41,3,3
3/2/2018,0.2,2,7,7,0.037,34,9,8,2.1,9,0,0,34,36,30,33,3,4
3/3/2018,0.2,2,7,7,0.038,35,11,10,,,0,0,35,35,29,32,3,5
3/4/2018,0.2,2,7,7,0.038,35,10,9,,,0,0,35,37,27,32,3,6
3/5/2018,,,27,25,0.032,30,20,19,,,0,0,30,37,24,30.5,3,0
3/6/2018,0.4,5,32,30,,,24,22,3.8,16,1,1,30,50,32,41,3,1
3/7/2018,0.3,3,21,20,0.036,33,10,9,3.6,15,0,0,33,39,29,34,3,2
3/8/2018,0.2,2,19,18,0.033,31,7,6,,,0,0,31,32,21,26.5,3,3
3/9/2018,0.2,2,18,17,0.032,30,9,8,,,0,0,30,32,26,29,3,4
3/10/2018,0.3,3,34,32,0.04,37,11,10,,,0,0,37,36,18,27,3,5
3/11/2018,0.2,2,22,21,0.041,38,8,7,,,0,0,38,35,19,27,3,6
3/12/2018,0.4,5,47,44,0.039,36,19,18,2.8,12,0,0,44,35,21,28,3,0
3/13/2018,0.2,2,,,0.037,34,11,10,1.9,8,0,0,34,36,28,32,3,1
3/14/2018,0.2,2,,,0.035,32,19,18,2.6,11,1,1,32,37,26,31.5,3,2
3/15/2018,0.2,2,,,0.04,37,19,18,3.6,15,0,0,37,38,28,33,3,3
3/16/2018,0.3,3,,,0.035,32,19,18,,,1,1,32,34,23,28.5,3,4
3/17/2018,0.8,9,39,37,0.037,34,38,35,,,12,17,37,43,22,32.5,3,5
3/18/2018,0.6,7,47,44,0.042,39,19,18,5.9,25,6,9,44,56,21,38.5,3,6
3/19/2018,0.3,3,28,26,0.039,36,21,19,1.9,8,0,0,36,42,30,36,3,0
3/20/2018,0.3,3,18,17,0.038,35,22,20,1.1,5,0,0,35,41,29,35,3,1
3/21/2018,0.3,3,15,14,0.035,32,18,17,,,0,0,32,36,29,32.5,3,2
3/22/2018,0.3,3,38,36,0.037,34,15,14,,,1,1,36,40,26,33,3,3
3/23/2018,0.6,7,50,47,0.036,33,18,17,3.6,15,1,1,47,40,24,32,3,4
3/24/2018,0.3,3,26,25,0.041,38,10,9,2,8,0,0,38,40,24,32,3,5
3/25/2018,0.2,2,16,15,0.042,39,9,8,,,0,0,39,40,26,33,3,6
3/26/2018,0.2,2,15,14,0.045,42,43,40,5.3,22,1,1,42,57,32,44.5,3,0
3/27/2018,0.4,5,74,72,0.023,21,23,21,4.5,19,0,0,72,53,40,46.5,3,1
3/28/2018,0.4,5,30,28,0.022,20,18,17,7.7,32,0,0,32,53,40,46.5,3,2
3/29/2018,0.8,9,30,28,0.034,31,17,16,12.3,51,0,0,51,51,38,44.5,3,3
3/30/2018,0.3,3,30,28,0.037,34,12,11,0.9,4,0,0,34,39,27,33,3,4
3/31/2018,0.4,5,29,27,0.043,40,18,17,7,29,3,4,40,54,26,40,3,5
4/1/2018,0.2,2,13,12,0.044,41,7,6,,,1,1,41,43,32,37.5,4,6
4/2/2018,0.3,3,33,31,0.039,36,22,20,5.8,24,1,1,36,44,29,36.5,4,0
4/3/2018,0.4,5,28,26,0.034,31,16,15,8.4,35,0,0,35,61,39,50,4,1
4/4/2018,0.3,3,5,5,0.044,41,13,12,,,0,0,41,61,31,46,4,2
4/5/2018,0.3,3,30,28,0.038,35,16,15,6.2,26,1,1,35,43,28,35.5,4,3
4/6/2018,0.3,3,28,26,0.045,42,16,15,7.6,32,1,1,42,47,31,39,4,4
4/7/2018,0.2,2,10,9,0.043,40,10,9,2.6,11,1,1,40,38,27,32.5,4,5
4/8/2018,0.2,2,16,15,0.045,42,10,9,2.9,12,1,1,42,37,29,33,4,6
4/9/2018,0.2,2,27,25,0.04,37,18,17,5,21,0,0,37,36,25,30.5,4,0
4/10/2018,0.7,8,42,40,0.045,42,35,32,18.1,64,3,4,64,45,24,34.5,4,1
4/11/2018,0.5,6,41,39,0.035,32,25,23,14.3,56,0,0,56,59,33,46,4,2
4/12/2018,0.5,6,31,29,0.05,46,37,34,10.8,45,1,1,46,78,45,61.5,4,3
4/13/2018,0.4,5,31,29,,,39,36,20.2,68,0,0,68,81,43,62,4,4
4/14/2018,0.4,5,13,12,0.032,30,10,9,7.3,30,0,0,30,51,36,43.5,4,5
4/15/2018,0.5,6,31,29,0.021,19,6,6,2.1,9,0,0,29,61,36,48.5,4,6
4/16/2018,0.4,5,9,8,0.033,31,7,6,3.5,15,0,0,31,44,33,38.5,4,0
4/17/2018,0.2,2,10,9,0.038,35,6,6,,,0,0,35,36,32,34,4,1
4/18/2018,0.2,2,20,19,0.036,33,13,12,3.6,15,1,1,33,46,33,39.5,4,2
4/19/2018,0.2,2,14,13,0.046,43,12,11,2.2,9,0,0,43,47,32,39.5,4,3
4/20/2018,0.3,3,26,25,0.043,40,14,13,3,13,3,4,40,50,28,39,4,4
4/21/2018,0.6,7,36,34,0.047,44,41,38,12.3,51,7,10,51,52,28,40,4,5
4/22/2018,0.5,6,43,41,0.049,45,16,15,6.7,28,0,0,45,58,35,46.5,4,6
4/23/2018,0.3,3,49,46,0.055,51,43,40,7.3,30,,,51,77,48,62.5,4,0
4/24/2018,0.2,2,12,11,0.04,37,16,15,3.6,15,0,0,37,59,53,56,4,1
4/25/2018,0.3,3,34,32,0.033,31,10,9,6.5,27,0,0,32,53,38,45.5,4,2
4/26/2018,0.3,3,31,29,0.035,32,18,17,3.7,15,0,0,32,57,34,45.5,4,3
4/27/2018,0.5,6,38,36,0.048,44,48,44,11.9,50,5,7,50,69,41,55,4,4
4/28/2018,0.3,3,6,6,0.037,34,12,11,7.2,30,0,0,34,44,35,39.5,4,5
4/29/2018,0.2,2,30,28,0.042,39,9,8,,,0,0,39,52,30,41,4,6
4/30/2018,0.4,5,54,51,0.05,46,45,42,10,42,25,36,51,69,34,51.5,4,0
5/1/2018,0.9,10,48,45,0.056,54,65,56,12.1,51,30,43,56,82,53,67.5,5,1
5/2/2018,0.5,6,9,8,0.05,46,53,49,,,0,0,49,84,63,73.5,5,2
5/3/2018,0.4,5,23,22,0.036,33,17,16,,,0,0,33,77,64,70.5,5,3
5/4/2018,0.4,5,11,10,0.046,43,22,20,,,0,0,43,83,56,69.5,5,4
5/5/2018,0.6,7,28,26,0.049,45,30,28,8.1,34,13,19,45,75,49,62,5,5
5/6/2018,0.4,5,15,14,0.052,48,23,21,7.2,30,7,10,48,76,53,64.5,5,6
5/7/2018,0.3,3,24,23,0.034,31,14,13,4.1,17,0,0,31,62,47,54.5,5,0
5/8/2018,0.4,5,40,38,0.038,35,26,24,4.1,17,0,0,38,71,43,57,5,1
5/9/2018,0.4,5,40,38,0.05,46,91,69,12.3,51,9,13,69,83,52,67.5,5,2
5/10/2018,0.2,2,12,11,0.047,44,20,19,5.2,22,0,0,44,75,53,64,5,3
5/11/2018,0.3,3,15,14,0.035,32,12,11,0.9,4,0,0,32,57,46,51.5,5,4
5/12/2018,0.2,2,12,11,0.023,21,11,10,,,0,0,21,59,48,53.5,5,5
5/13/2018,0.3,3,32,30,0.029,27,11,10,,,2,3,30,66,47,56.5,5,6
5/14/2018,0.7,8,33,31,0.032,30,41,38,14.8,57,20,29,57,78,52,65,5,0
5/15/2018,0.4,5,21,20,0.042,39,22,20,4.2,18,4,6,39,77,58,67.5,5,1
5/16/2018,0.4,5,38,36,0.04,37,24,22,5.8,24,0,0,37,72,55,63.5,5,2
5/17/2018,0.4,5,28,26,0.058,61,29,27,12.3,51,2,3,61,76,54,65,5,3
5/18/2018,0.4,5,25,24,0.041,38,33,31,7,29,1,1,38,77,56,66.5,5,4
5/19/2018,0.2,2,8,8,0.035,32,17,16,,,3,4,32,81,64,72.5,5,5
5/20/2018,0.2,2,8,8,0.033,31,7,6,,,0,0,31,68,56,62,5,6
5/21/2018,0.3,3,21,20,0.029,27,22,20,5.8,24,1,1,27,71,52,61.5,5,0
5/22/2018,0.5,6,,,0.036,33,20,19,9.9,41,2,3,41,79,59,69,5,1
5/23/2018,0.3,3,44,42,0.046,43,18,17,2.8,12,1,1,43,76,54,65,5,2
5/24/2018,1,11,57,54,0.054,50,47,44,15.4,58,58,79,79,80,52,66,5,3
5/25/2018,0.6,7,51,48,0.06,67,68,57,17.4,62,40,56,67,85,54,69.5,5,4
5/26/2018,0.6,7,42,40,0.054,50,51,47,16.3,60,18,26,60,83,62,72.5,5,5
5/27/2018,0.4,5,19,18,0.056,54,31,29,8,33,38,54,54,87,66,76.5,5,6
5/28/2018,0.5,6,29,27,0.064,80,35,32,10.4,43,10,14,80,93,70,81.5,5,0
5/29/2018,0.7,8,38,36,0.054,50,62,54,14.8,57,12,17,57,91,68,79.5,5,1
5/30/2018,0.2,2,16,15,0.029,27,53,49,7.4,31,2,3,49,86,73,79.5,5,2
5/31/2018,0.4,5,20,19,0.048,44,37,34,,,3,4,44,87,73,80,5,3
6/1/2018,0.4,5,21,20,0.049,45,22,20,7,29,1,1,45,80,63,71.5,6,4
6/2/2018,0.3,3,11,10,0.023,21,14,13,,,0,0,21,71,60,65.5,6,5
6/3/2018,0.4,5,20,19,0.039,36,24,22,11.1,46,4,6,46,81,56,68.5,6,6
6/4/2018,0.2,2,12,11,0.039,36,12,11,,,0,0,36,72,59,65.5,6,0
6/5/2018,0.2,2,19,18,0.034,31,15,14,2.6,11,0,0,31,68,54,61,6,1
6/6/2018,0.2,2,27,25,0.028,26,17,16,,,9,13,26,66,52,59,6,2
6/7/2018,0.4,5,27,25,0.051,47,64,55,11.1,46,18,26,55,80,54,67,6,3
6/8/2018,0.4,5,33,31,0.054,50,51,47,11.7,49,12,17,50,83,62,72.5,6,4
6/9/2018,0.3,3,25,24,0.045,42,32,30,9.8,41,5,7,42,79,66,72.5,6,5
6/10/2018,0.3,3,7,7,0.022,20,11,10,5.3,22,0,0,22,73,65,69,6,6
6/11/2018,0.3,3,15,14,0.029,27,12,11,,,0,0,27,72,62,67,6,0
6/12/2018,0.3,3,14,13,0.032,30,40,37,5,21,2,3,37,78,60,69,6,1
6/13/2018,0.2,2,11,10,0.05,46,21,19,,,2,3,46,86,67,76.5,6,2
6/14/2018,0.3,3,24,23,0.051,47,23,21,,,1,1,47,82,56,69,6,3
6/15/2018,0.5,6,41,39,0.037,34,42,39,7.8,33,13,19,39,79,57,68,6,4
6/16/2018,0.5,6,32,30,0.065,84,39,36,11.2,47,7,10,84,86,65,75.5,6,5
6/17/2018,0.7,8,31,29,0.056,54,47,44,16.9,61,19,27,61,94,65,79.5,6,6
6/18/2018,0.3,3,16,15,0.053,49,40,37,10.8,45,1,1,49,94,75,84.5,6,0
6/19/2018,0.3,3,12,11,0.027,25,11,10,,,0,0,25,78,69,73.5,6,1
6/20/2018,0.3,3,23,22,0.037,34,17,16,,,1,1,34,74,65,69.5,6,2
6/21/2018,0.3,3,,,0.036,33,22,20,6.2,26,1,1,33,79,59,69,6,3
6/22/2018,0.2,2,9,8,0.031,29,17,16,,,0,0,29,74,67,70.5,6,4
6/23/2018,0.2,2,11,10,0.037,34,12,11,,,0,0,34,81,67,74,6,5
6/24/2018,0.2,2,7,7,0.044,41,9,8,,,1,1,41,80,66,73,6,6
6/25/2018,0.2,2,,,0.033,31,11,10,,,0,0,31,75,61,68,6,0
6/26/2018,0.4,5,,,0.044,41,46,43,7.1,30,4,6,43,84,57,70.5,6,1
6/27/2018,0.4,5,17,16,0.037,34,16,15,,,2,3,34,81,68,74.5,6,2
6/28/2018,0.4,5,43,41,0.048,44,19,18,,,16,23,44,81,69,75,6,3
6/29/2018,0.6,7,31,29,0.059,64,49,45,14.3,56,10,14,64,90,65,77.5,6,4
6/30/2018,0.4,5,19,18,0.057,58,35,32,,,5,7,58,92,74,83,6,5
7/1/2018,0.4,5,17,16,0.048,44,36,33,,,10,14,44,94,70,82,7,6
7/2/2018,0.2,2,11,10,0.052,48,29,27,,,,,48,92,76,84,7,0
7/3/2018,0.4,5,24,23,,,33,31,,,3,4,31,89,73,81,7,1
7/4/2018,0.4,5,20,19,,,32,30,15.1,57,,,57,92,73,82.5,7,2
7/5/2018,0.6,7,19,18,,,39,36,10.1,42,,,42,89,73,81,7,3
7/6/2018,0.3,3,10,9,,,9,8,,,0,0,9,76,66,71,7,4
7/7/2018,0.2,2,7,7,,,9,8,,,0,0,8,78,62,70,7,5
7/8/2018,0.3,3,20,19,,,23,21,3.4,14,3,4,21,83,58,70.5,7,6
7/9/2018,0.4,5,30,28,0.053,49,39,36,7.9,33,14,20,49,89,61,75,7,0
7/10/2018,0.3,3,25,24,0.055,51,26,24,6.7,28,1,1,51,87,68,77.5,7,1
7/11/2018,0.3,3,14,13,0.029,27,17,16,3.4,14,1,1,27,80,66,73,7,2
7/12/2018,0.6,7,,,0.041,38,45,42,10.6,44,7,10,44,84,59,71.5,7,3
7/13/2018,0.6,7,41,39,0.055,51,60,53,15.5,58,8,11,58,88,61,74.5,7,4
7/14/2018,0.5,6,41,39,0.063,77,50,46,21.7,71,6,9,77,92,68,80,7,5
7/15/2018,0.4,5,18,17,0.069,97,36,33,13.8,55,10,14,97,91,76,83.5,7,6
7/16/2018,0.5,6,35,33,0.048,44,50,46,14.5,56,5,7,56,91,73,82,7,0
7/17/2018,0.3,3,12,11,0.032,30,13,12,,,1,1,30,83,71,77,7,1
7/18/2018,0.2,2,28,26,0.023,21,12,11,,,0,0,26,77,61,69,7,2
7/19/2018,0.4,5,34,32,0.042,39,49,45,7.4,31,11,16,45,85,58,71.5,7,3
7/20/2018,0.3,3,26,25,0.041,38,58,52,10.3,43,5,7,52,84,68,76,7,4
7/21/2018,0.2,2,8,8,0.048,44,16,15,3,13,3,4,44,81,67,74,7,5
7/22/2018,0.2,2,5,5,0.039,36,5,5,,,0,0,36,73,67,70,7,6
7/23/2018,0.2,2,17,16,0.039,36,25,23,6.1,25,1,1,36,84,68,76,7,0
7/24/2018,0.3,3,,,0.04,37,28,26,7.2,30,2,3,37,82,68,75,7,1
7/25/2018,0.4,5,31,29,0.034,31,28,26,9.3,39,1,1,39,83,70,76.5,7,2
7/26/2018,0.4,5,28,26,0.044,41,31,29,7.6,32,2,3,41,86,66,76,7,3
7/27/2018,0.2,2,17,16,0.041,38,17,16,,,0,0,38,80,62,71,7,4
7/28/2018,0.2,2,25,24,0.037,34,14,13,,,1,1,34,78,61,69.5,7,5
7/29/2018,0.4,5,16,15,0.045,42,24,22,,,4,6,42,82,63,72.5,7,6
7/30/2018,0.3,3,19,18,0.041,38,28,26,,,3,4,38,80,67,73.5,7,0
7/31/2018,0.3,3,21,20,0.033,31,26,24,,,1,1,31,80,68,74,7,1
8/1/2018,0.3,3,11,10,0.034,31,20,19,,,1,1,31,76,70,73,8,2
8/2/2018,0.4,5,29,27,0.045,42,33,31,,,2,3,42,83,68,75.5,8,3
8/3/2018,0.5,6,27,25,0.051,47,52,48,,,2,3,48,87,67,77,8,4
8/4/2018,0.4,5,21,20,0.053,49,38,35,,,3,4,49,88,66,77,8,5
8/5/2018,0.4,5,20,19,0.051,47,42,39,,,3,4,47,92,70,81,8,6
8/6/2018,0.3,3,14,13,0.045,42,30,28,,,2,3,42,93,70,81.5,8,0
8/7/2018,0.3,3,25,24,0.034,31,17,16,,,0,0,31,83,70,76.5,8,1
8/8/2018,0.3,3,28,26,,,22,20,,,0,0,26,84,72,78,8,2
8/9/2018,0.3,3,16,15,0.046,43,20,19,6.4,27,1,1,43,85,68,76.5,8,3
8/10/2018,0.3,3,18,17,0.033,31,21,19,5.4,23,0,0,31,83,70,76.5,8,4
8/11/2018,0.5,6,27,25,0.038,35,26,24,,,1,1,35,81,62,71.5,8,5
8/12/2018,0.3,3,25,24,0.04,37,18,17,2.5,10,13,19,37,81,64,72.5,8,6
8/13/2018,0.5,6,32,30,0.041,38,30,28,6.5,27,1,1,38,82,64,73,8,0
8/14/2018,0.4,5,26,25,0.052,48,34,31,11.7,49,3,4,49,86,67,76.5,8,1
8/15/2018,0.4,5,29,27,0.052,48,37,34,14.4,56,2,3,56,87,68,77.5,8,2
8/16/2018,0.5,6,22,21,0.026,24,53,49,12.9,53,3,4,53,83,73,78,8,3
8/17/2018,0.4,5,12,11,0.032,30,21,19,6.1,25,1,1,30,80,70,75,8,4
8/18/2018,0.2,2,10,9,0.039,36,12,11,,,1,1,36,81,69,75,8,5
8/19/2018,0.3,3,8,8,0.028,26,14,13,3.5,15,0,0,26,79,64,71.5,8,6
8/20/2018,0.3,3,21,20,0.037,34,44,41,11.7,49,2,3,49,85,61,73,8,0
8/21/2018,0.3,3,23,22,0.039,36,16,15,,,1,1,36,83,70,76.5,8,1
8/22/2018,0.3,3,8,8,0.028,26,14,13,4.9,20,1,1,26,73,58,65.5,8,2
8/23/2018,0.3,3,25,24,0.036,33,22,20,5,21,1,1,33,80,56,68,8,3
8/24/2018,0.5,6,30,28,0.038,35,74,60,15.2,58,20,29,60,82,58,70,8,4
8/25/2018,0.4,5,17,16,0.035,32,38,35,10,42,18,26,42,81,71,76,8,5
8/26/2018,0.4,5,28,26,0.039,36,40,37,18.9,65,1,1,65,87,71,79,8,6
8/27/2018,0.5,6,22,21,0.036,33,36,33,15.2,58,1,1,58,91,75,83,8,0
8/28/2018,0.4,5,20,19,0.038,35,29,27,10.4,43,7,10,43,92,75,83.5,8,1
8/29/2018,0.3,3,22,21,0.032,30,27,25,7.1,30,1,1,30,92,70,81,8,2
8/30/2018,0.4,5,11,10,0.025,23,12,11,,,1,1,23,77,67,72,8,3
8/31/2018,0.4,5,26,25,0.036,33,26,24,,,1,1,33,81,61,71,8,4
9/1/2018,0.4,5,17,16,0.041,38,27,25,,,2,3,38,88,68,78,9,5
9/2/2018,0.1,1,14,13,0.032,30,16,15,,,2,3,30,90,73,81.5,9,6
9/3/2018,0.3,3,15,14,0.036,33,18,17,,,1,1,33,93,74,83.5,9,0
9/4/2018,0.3,3,,,,,,,,,,,3,94,72,83,9,1
9/5/2018,0.3,3,,,0.04,37,,,,,8,11,37,95,74,84.5,9,2
9/6/2018,0.3,3,17,16,0.029,27,13,12,7.8,33,1,1,33,81,73,77,9,3
9/7/2018,0.3,3,24,23,0.029,27,17,16,6.9,29,1,1,29,80,70,75,9,4
9/8/2018,0.2,2,7,7,0.018,17,13,12,4.8,20,1,1,20,70,60,65,9,5
9/9/2018,0.2,2,4,4,0.023,21,3,3,2.4,10,1,1,21,63,57,60,9,6
9/10/2018,0.3,3,13,12,0.016,15,8,7,5.1,21,1,1,21,69,58,63.5,9,0
9/11/2018,0.2,2,24,23,0.021,19,12,11,7.9,33,1,1,33,69,62,65.5,9,1
9/12/2018,0.3,3,19,18,0.028,26,18,17,9.7,40,1,1,40,76,65,70.5,9,2
9/13/2018,0.5,6,30,28,0.02,19,50,46,19.8,67,4,6,67,82,62,72,9,3
9/14/2018,0.6,7,26,25,0.035,32,36,33,15.6,58,5,7,58,84,69,76.5,9,4
9/15/2018,0.4,5,15,14,0.026,24,21,19,10.5,44,2,3,44,86,69,77.5,9,5
9/16/2018,0.4,5,13,12,0.028,26,19,18,11,46,3,4,46,86,68,77,9,6
9/17/2018,0.3,3,20,19,0.019,18,26,24,9,38,2,3,38,78,68,73,9,0
9/18/2018,0.3,3,23,22,0.041,38,27,25,13.5,54,10,14,54,86,66,76,9,1
9/19/2018,0.3,3,,,0.023,21,15,14,7.8,33,1,1,33,76,62,69,9,2
9/20/2018,0.5,6,24,23,0.039,36,53,49,23.2,74,3,4,74,87,60,73.5,9,3
9/21/2018,0.3,3,25,24,0.043,40,41,38,11.7,49,2,3,49,91,67,79,9,4
9/22/2018,0.2,2,8,8,0.023,21,5,5,3.6,15,1,1,21,67,54,60.5,9,5
9/23/2018,0.4,5,20,19,0.026,24,13,12,11.2,47,1,1,47,71,49,60,9,6
9/24/2018,0.4,5,11,10,0.015,14,25,23,10,42,1,1,42,72,57,64.5,9,0
9/25/2018,0.5,6,17,16,0.018,17,24,22,14.4,56,2,3,56,76,66,71,9,1
9/26/2018,0.2,2,14,13,0.033,31,8,7,6.2,26,1,1,31,75,54,64.5,9,2
9/27/2018,0.6,7,28,26,0.026,24,47,44,15.1,57,2,3,57,67,51,59,9,3
9/28/2018,0.4,5,22,21,0.037,34,20,19,,,1,1,34,74,49,61.5,9,4
9/29/2018,0.3,3,30,28,0.032,30,10,9,5.1,21,2,3,30,63,49,56,9,5
9/30/2018,0.4,5,41,39,0.034,31,25,23,11.5,48,8,11,48,77,50,63.5,9,6
10/1/2018,0.5,6,31,29,0.033,31,56,51,14.1,55,5,7,55,81,58,69.5,10,0
10/2/2018,0.4,5,10,9,,,20,19,3.8,16,3,4,19,78,63,70.5,10,1
10/3/2018,0.4,5,24,23,0.027,25,40,37,11.7,49,4,6,49,83,57,70,10,2
10/4/2018,0.3,3,11,10,0.027,25,15,14,3.9,16,1,1,25,77,54,65.5,10,3
10/5/2018,0.5,6,22,21,0.011,10,26,24,13.3,54,1,1,54,64,50,57,10,4
10/6/2018,0.6,7,16,15,0.029,27,23,21,14.3,56,1,1,56,85,64,74.5,10,5
10/7/2018,0.3,3,9,8,0.013,12,12,11,11.3,47,1,1,47,70,66,68,10,6
10/8/2018,0.4,5,22,21,0.03,28,39,36,12.1,51,3,4,51,89,67,78,10,0
10/9/2018,0.4,5,,,0.029,27,39,36,6.6,28,12,17,36,86,70,78,10,1
10/10/2018,0.4,5,22,21,0.027,25,48,44,5.9,25,5,7,44,84,68,76,10,2
10/11/2018,0.4,5,7,7,0.025,23,13,12,2.1,9,1,1,23,73,52,62.5,10,3
10/12/2018,0.1,1,15,14,0.028,26,7,6,5.4,23,1,1,26,54,44,49,10,4
10/13/2018,0.5,6,18,17,0.026,24,12,11,9,38,3,4,38,52,41,46.5,10,5
10/14/2018,0.5,6,35,33,0.027,25,14,13,8.8,37,13,19,37,61,41,51,10,6
10/15/2018,0.2,2,19,18,0.027,25,12,11,5.6,23,2,3,25,57,44,50.5,10,0
10/16/2018,0.2,2,25,24,0.028,26,14,13,7.4,31,1,1,31,56,36,46,10,1
10/17/2018,0.4,5,18,17,0.03,28,15,14,,,0,0,28,56,43,49.5,10,2
10/18/2018,0.2,2,25,24,0.032,30,9,8,,,4,6,30,50,39,44.5,10,3
10/19/2018,0.4,5,32,30,0.034,31,36,33,9.6,40,10,14,40,60,40,50,10,4
10/20/2018,0.2,2,8,8,0.033,31,13,12,6.5,27,0,0,31,60,41,50.5,10,5
10/21/2018,0.3,3,23,22,0.029,27,7,6,6.6,28,5,7,28,44,32,38,10,6
10/22/2018,0.7,8,33,31,0.022,20,28,26,13.3,54,3,4,54,57,36,46.5,10,0
10/23/2018,0.7,8,20,19,0.025,23,17,16,8.2,34,0,0,34,55,43,49,10,1
10/24/2018,0.2,2,12,11,0.025,23,7,6,5.5,23,0,0,23,49,41,45,10,2
10/25/2018,0.5,6,26,25,0.017,16,24,22,11.5,48,20,29,48,50,33,41.5,10,3
10/26/2018,0.3,3,21,20,0.015,14,13,12,9,38,1,1,38,52,42,47,10,4
10/27/2018,0.3,3,17,16,0.021,19,4,4,3.8,16,0,0,19,48,44,46,10,5
10/28/2018,0.4,5,13,12,0.026,24,6,6,6.7,28,1,1,28,50,41,45.5,10,6
10/29/2018,0.3,3,25,24,0.022,20,8,7,4.8,20,0,0,24,51,39,45,10,0
10/30/2018,0.6,7,24,23,0.031,29,38,35,17.8,63,8,11,63,59,36,47.5,10,1
10/31/2018,0.3,3,13,12,0.023,21,15,14,9.6,40,0,0,40,62,52,57,10,2
11/1/2018,0.3,3,22,21,0.023,21,5,5,5.7,24,0,0,24,52,46,49,11,3
11/2/2018,0.2,2,16,15,0.026,24,5,5,3.6,15,0,0,24,50,44,47,11,4
11/3/2018,0.4,5,24,23,0.026,24,11,10,5.8,24,14,20,24,49,36,42.5,11,5
11/4/2018,0.5,6,19,18,0.027,25,16,15,12.3,51,2,3,51,58,35,46.5,11,6
11/5/2018,0.4,5,27,25,,,25,23,10.8,45,6,9,45,61,48,54.5,11,0
11/6/2018,0.3,3,11,10,0.024,22,16,15,5.1,21,1,1,22,61,48,54.5,11,1
11/7/2018,0.2,2,11,10,0.014,13,12,11,7,29,0,0,29,49,39,44,11,2
11/8/2018,0.3,3,18,17,0.018,17,10,9,8.2,34,0,0,34,43,37,40,11,3
11/9/2018,0.3,3,17,16,0.025,23,7,6,8,33,1,1,33,40,34,37,11,4
11/10/2018,0.2,2,,,0.021,19,12,11,10.4,43,0,0,43,34,23,28.5,11,5
11/11/2018,0.5,6,29,27,0.023,21,11,10,8.7,36,41,57,57,42,26,34,11,6
11/12/2018,0.7,8,36,34,0.002,2,59,53,25.6,79,41,57,79,41,25,33,11,0
11/13/2018,0.7,8,,,0.033,31,12,11,12.4,52,2,3,52,39,31,35,11,1
11/14/2018,0.3,3,16,15,0.029,27,10,9,6.3,26,1,1,27,32,27,29.5,11,2
11/15/2018,0.4,5,24,23,0.014,13,10,9,7.3,30,2,3,30,36,29,32.5,11,3
11/16/2018,0.4,5,,,0.016,15,12,11,15.5,58,1,1,58,38,34,36,11,4
11/17/2018,0.2,2,22,21,0.022,20,12,11,12.6,52,1,1,52,41,37,39,11,5
11/18/2018,0.4,5,22,21,0.014,13,11,10,14.4,56,2,3,56,39,35,37,11,6
11/19/2018,0.4,5,34,32,0.016,15,17,16,12.1,51,4,6,51,40,36,38,11,0
11/20/2018,0.2,2,25,24,0.024,22,10,9,9.8,41,1,1,41,37,29,33,11,1
11/21/2018,0.2,2,15,14,0.032,30,14,13,11.1,46,0,0,46,35,28,31.5,11,2
11/22/2018,0.2,2,9,8,0.031,29,6,6,3.8,16,0,0,29,28,26,27,11,3
11/23/2018,0.4,5,19,18,0.019,18,36,33,13.4,54,41,57,57,51,28,39.5,11,4
11/24/2018,0.4,5,13,12,0.023,21,13,12,9.9,41,2,3,41,50,41,45.5,11,5
11/25/2018,0.5,6,29,27,0.022,20,15,14,15.3,58,0,0,58,50,40,45,11,6
11/26/2018,0.5,6,19,18,0.024,22,7,6,9.2,38,1,1,38,49,32,40.5,11,0
11/27/2018,0.1,1,7,7,0.03,28,3,3,3.4,14,0,0,28,32,28,30,11,1
11/28/2018,0.2,2,15,14,0.022,20,9,8,8,33,0,0,33,29,26,27.5,11,2
11/29/2018,0.4,5,20,19,0.012,11,22,20,17,61,3,4,61,33,25,29,11,3
11/30/2018,0.4,5,26,25,0.01,9,22,20,28.6,86,1,1,86,38,33,35.5,11,4
12/1/2018,0.3,3,21,20,0.019,18,10,9,15.2,58,0,0,58,52,37,44.5,12,5
12/2/2018,0.3,3,14,13,0.032,30,15,14,7.7,32,8,11,32,64,44,54,12,6
12/3/2018,0.2,2,9,8,0.027,25,6,6,4.5,19,0,0,25,44,35,39.5,12,0
12/4/2018,0.2,2,17,16,0.026,24,12,11,6.2,26,0,0,26,35,30,32.5,12,1
12/5/2018,0.2,2,21,20,0.025,23,14,13,10.1,42,3,4,42,33,29,31,12,2
12/6/2018,0.2,2,16,15,0.023,21,13,12,11.6,48,0,0,48,35,28,31.5,12,3
12/7/2018,0.3,3,26,25,0.024,22,12,11,9.3,39,1,1,39,33,23,28,12,4
12/8/2018,0.3,3,35,33,0.03,28,15,14,11.6,48,5,7,48,29,18,23.5,12,5
12/9/2018,0.5,6,38,36,0.02,19,27,25,17.2,62,10,14,62,37,17,27,12,6
12/10/2018,1,11,39,37,,,35,32,32,93,5,7,93,33,20,26.5,12,0
12/11/2018,0.3,3,17,16,0.025,23,22,20,30.2,89,0,0,89,37,21,29,12,1
12/12/2018,0.4,5,34,32,0.015,14,41,38,22.8,74,11,16,74,42,28,35,12,2
12/13/2018,0.6,7,37,35,0.013,12,33,31,21.9,72,1,1,72,45,35,40,12,3
12/14/2018,0.5,6,38,36,0.015,14,49,45,21.5,71,3,4,71,56,41,48.5,12,4
12/15/2018,0.5,6,30,28,0.017,16,20,19,27,82,0,0,82,44,40,42,12,5
12/16/2018,0.3,3,14,13,0.025,23,10,9,17.5,62,0,0,62,48,36,42,12,6
12/17/2018,0.3,3,19,18,0.029,27,13,12,13.9,55,0,0,55,39,33,36,12,0
12/18/2018,0.4,5,42,40,0.029,27,19,18,8.9,37,2,3,40,39,26,32.5,12,1
12/19/2018,0.5,6,34,32,0.012,11,58,52,22.9,74,16,23,74,46,27,36.5,12,2
12/20/2018,0.5,6,37,35,0.015,14,59,53,20,68,4,6,68,51,36,43.5,12,3
12/21/2018,0.4,5,16,15,0.028,26,5,5,10.1,42,0,0,42,41,38,39.5,12,4
12/22/2018,0.2,2,10,9,0.019,18,6,6,8.2,34,0,0,34,38,32,35,12,5
12/23/2018,0.4,5,14,13,0.017,16,13,12,16.5,60,2,3,60,40,30,35,12,6
12/24/2018,0.2,2,11,10,0.024,22,9,8,12.4,52,0,0,52,35,31,33,12,0
12/25/2018,0.3,3,19,18,0.021,19,10,9,12.9,53,15,21,53,35,29,32,12,1
12/26/2018,0.7,8,37,35,0.019,18,21,19,20.5,69,1,1,69,48,31,39.5,12,2
12/27/2018,0.8,9,34,32,0.028,26,34,31,22,72,2,3,72,52,32,42,12,3
12/28/2018,0.5,6,22,21,0.021,19,10,9,8.2,34,1,1,34,58,36,47,12,4
12/29/2018,0.2,2,13,12,0.023,21,5,5,8.2,34,0,0,34,36,33,34.5,12,5
12/30/2018,0.2,2,17,16,0.026,24,8,7,11.4,48,0,0,48,42,32,37,12,6
12/31/2018,0.4,5,23,22,,,14,13,13.3,54,1,1,54,62,34,48,12,0
1/1/2019,0.2,2,10,9,0.024,22,6,6,9.4,39,0,0,39,56,34,45,1,1
1/2/2019,0.3,3,18,17,0.022,20,12,11,13.9,55,1,1,55,41,32,36.5,1,2
1/3/2019,0.2,2,12,11,0.021,19,10,9,11.5,48,0,0,48,36,31,33.5,1,3
1/4/2019,0.7,8,34,32,0.017,16,35,32,19,66,5,7,66,51,32,41.5,1,4
1/5/2019,1,11,28,26,0.022,20,19,18,27.2,83,3,4,83,48,28,38,1,5
1/6/2019,0.2,2,8,8,0.034,31,7,6,10.2,43,2,3,43,44,34,39,1,6
1/7/2019,0.3,3,14,13,0.029,27,22,20,8.7,36,3,4,36,57,33,45,1,0
1/8/2019,0.2,2,13,12,0.028,26,11,10,9.5,40,0,0,40,57,39,48,1,1
1/9/2019,0.1,1,7,7,0.031,29,10,9,7,29,0,0,29,40,24,32,1,2
1/10/2019,0.2,2,10,9,0.035,32,17,16,4.9,20,0,0,32,26,24,25,1,3
1/11/2019,0.3,3,28,26,0.03,28,35,32,8.5,35,1,1,35,31,25,28,1,4
1/12/2019,0.3,3,32,30,0.031,29,19,18,13,53,0,0,53,32,25,28.5,1,5
1/13/2019,0.2,2,14,13,0.03,28,10,9,8.6,36,0,0,36,33,25,29,1,6
1/14/2019,0.4,5,45,42,0.03,28,24,22,11.3,47,1,1,47,30,17,23.5,1,0
1/15/2019,0.2,2,18,17,0.029,27,12,11,,,2,3,27,29,19,24,1,1
1/16/2019,0.2,2,15,14,0.029,27,19,18,11.9,50,0,0,50,34,25,29.5,1,2
1/17/2019,0.3,3,23,22,0.016,15,27,25,18.4,64,0,0,64,35,22,28.5,1,3
1/18/2019,0.3,3,17,16,0.025,23,14,13,24.8,78,0,0,78,35,30,32.5,1,4
1/19/2019,0.2,2,12,11,0.031,29,6,6,13.7,54,1,1,54,30,23,26.5,1,5
1/20/2019,0.2,2,4,4,0.037,34,7,6,8.5,35,0,0,35,23,10,16.5,1,6
1/21/2019,0.3,3,29,27,0.032,30,7,6,8.6,36,0,0,36,14,5,9.5,1,0
1/22/2019,0.4,5,41,39,,,20,19,16.5,60,5,7,60,40,3,21.5,1,1
1/23/2019,0.5,6,15,14,0.029,27,14,13,12.1,51,9,13,51,48,37,42.5,1,2
1/24/2019,0.2,2,12,11,0.03,28,8,7,13.7,54,0,0,54,37,25,31,1,3
1/25/2019,0.2,2,10,9,0.032,30,21,19,14.4,56,0,0,56,25,12,18.5,1,4
1/26/2019,0.4,5,39,37,0.026,24,11,10,15.7,59,0,0,59,28,15,21.5,1,5
1/27/2019,0.4,5,21,20,0.033,31,14,13,16.4,60,0,0,60,33,6,19.5,1,6
1/28/2019,0.3,3,42,40,0.029,27,31,29,21.3,70,2,3,70,40,6,23,1,0
1/29/2019,0.3,3,12,11,0.035,32,17,16,12.6,52,0,0,52,34,8,21,1,1
1/30/2019,0.2,2,7,7,0.033,31,22,20,8.5,35,0,0,35,8,-3,2.5,1,2
1/31/2019,0.2,2,11,10,0.033,31,13,12,9.7,40,0,0,40,8,-2,3,1,3
2/1/2019,0.5,6,44,42,0.019,18,28,26,20.2,68,1,1,68,19,8,13.5,2,4
2/2/2019,0.5,6,33,31,0.033,31,22,20,28.7,86,2,3,86,43,12,27.5,2,5
2/3/2019,0.4,5,27,25,0.036,33,26,24,,,7,10,33,56,36,46,2,6
2/4/2019,0.5,6,35,33,0.034,31,31,29,,,4,6,33,61,42,51.5,2,0
2/5/2019,0.3,3,13,12,0.017,16,13,12,11,46,0,0,46,54,34,44,2,1
2/6/2019,0.5,6,25,24,,,16,15,17.3,62,1,1,62,55,34,44.5,2,2
2/7/2019,0.5,6,25,24,0.024,22,19,18,12.5,52,0,0,52,61,34,47.5,2,3
2/8/2019,0.2,2,6,6,0.033,31,21,19,8,33,0,0,33,43,18,30.5,2,4
2/9/2019,0.2,2,32,30,0.033,31,13,12,8.6,36,0,0,36,25,17,21,2,5
2/10/2019,0.3,3,33,31,0.026,24,17,16,16.2,60,0,0,60,32,16,24,2,6
2/11/2019,0.6,7,30,28,0.014,13,19,18,23.9,76,0,0,76,34,30,32,2,0
2/12/2019,0.3,3,19,18,0.037,34,8,7,8.8,37,0,0,37,50,32,41,2,1
2/13/2019,0.2,2,9,8,0.035,32,13,12,10.1,42,0,0,42,33,24,28.5,2,2
2/14/2019,0.4,5,31,29,0.03,28,38,35,11.8,49,11,16,49,48,24,36,2,3
2/15/2019,0.3,3,10,9,0.034,31,15,14,14.2,55,0,0,55,47,25,36,2,4
2/16/2019,0.2,2,7,7,0.035,32,15,14,5.5,23,0,0,32,28,24,26,2,5
2/17/2019,0.3,3,15,14,0.033,31,11,10,6.6,28,0,0,31,33,25,29,2,6
2/18/2019,0.3,3,12,11,0.036,33,8,7,8,33,0,0,33,29,19,24,2,0
2/19/2019,0.4,5,44,42,0.034,31,32,30,15,57,1,1,57,34,10,22,2,1
2/20/2019,0.3,3,32,30,0.028,26,17,16,11.1,46,4,6,46,45,27,36,2,2
2/21/2019,0.3,3,13,12,0.037,34,16,15,12.1,51,0,0,51,43,35,39,2,3
2/22/2019,0.4,5,31,29,0.036,33,25,23,24.3,77,0,0,77,39,29,34,2,4
2/23/2019,0.4,5,36,34,0.029,27,25,23,18.7,65,1,1,65,47,31,39,2,5
2/24/2019,0.3,3,10,9,0.044,41,13,12,8.1,34,0,0,41,57,28,42.5,2,6
2/25/2019,0.2,2,11,10,0.036,33,29,27,8,33,0,0,33,30,21,25.5,2,0
2/26/2019,0.2,2,14,13,0.033,31,17,16,8.5,35,0,0,35,27,20,23.5,2,1
2/27/2019,0.3,3,,,0.028,26,28,26,11.7,49,12,17,49,40,22,31,2,2
2/28/2019,0.3,3,28,26,0.037,34,28,26,16.3,60,0,0,60,30,18,24,2,3
3/1/2019,0.5,6,46,43,,,33,31,17,61,0,0,61,34,20,27,3,4
3/2/2019,0.4,5,42,40,0.042,39,19,18,21.5,71,3,4,71,38,21,29.5,3,5
3/3/2019,0.2,2,15,14,0.042,39,10,9,8.8,37,0,0,39,32,22,27,3,6
3/4/2019,0.2,2,10,9,0.035,32,31,29,9.1,38,3,4,38,22,10,16,3,0
3/5/2019,0.2,2,12,11,0.034,31,17,16,12.8,52,0,0,52,19,8,13.5,3,1
3/6/2019,0.2,2,11,10,0.036,33,13,12,8.7,36,1,1,36,22,11,16.5,3,2
3/7/2019,0.3,3,42,40,0.045,42,29,27,11.2,47,1,1,47,28,20,24,3,3
3/8/2019,0.5,6,53,50,0.038,35,66,56,29.2,87,5,7,87,39,16,27.5,3,4
3/9/2019,1.5,17,60,57,0.04,37,44,41,26,80,3,4,80,49,20,34.5,3,5
3/10/2019,0.2,2,15,14,0.043,40,7,6,9.3,39,0,0,40,51,37,44,3,6
3/11/2019,0.2,2,13,12,0.046,43,14,13,10.5,44,1,1,44,41,32,36.5,3,0
3/12/2019,0.3,3,50,47,0.045,42,18,17,10.7,45,0,0,47,43,26,34.5,3,1
3/13/2019,0.4,5,40,38,0.035,32,54,50,13.5,54,5,7,54,60,30,45,3,2
3/14/2019,0.4,5,23,22,0.036,33,41,38,10.7,45,14,20,45,74,52,63,3,3
3/15/2019,0.2,2,8,8,0.035,32,7,6,5.1,21,0,0,32,52,36,44,3,4
3/16/2019,0.2,2,5,5,0.042,39,6,6,4.1,17,0,0,39,38,33,35.5,3,5
3/17/2019,0.2,2,12,11,0.038,35,8,7,3.6,15,2,3,35,40,28,34,3,6
3/18/2019,0.4,5,40,38,0.037,34,17,16,16.3,60,0,0,60,42,26,34,3,0
3/19/2019,0.5,6,48,45,0.042,39,38,35,21,70,1,1,70,47,26,36.5,3,1
3/20/2019,0.5,6,43,41,0.048,44,38,35,16.1,59,8,11,59,53,29,41,3,2
3/21/2019,0.3,3,35,33,0.037,34,14,13,16.1,59,1,1,59,47,38,42.5,3,3
3/22/2019,0.2,2,13,12,0.036,33,7,6,9.1,38,0,0,38,41,31,36,3,4
3/23/2019,0.6,7,33,31,0.039,36,13,12,7.3,30,7,10,36,46,29,37.5,3,5
3/24/2019,1.4,16,35,33,0.038,35,32,30,16.9,61,15,21,61,58,29,43.5,3,6
3/25/2019,0.2,2,11,10,0.04,37,14,13,6.8,28,1,1,37,46,31,38.5,3,0
3/26/2019,0.3,3,31,29,0.038,35,10,9,4.3,18,1,1,35,39,30,34.5,3,1
3/27/2019,0.6,7,49,46,0.029,27,53,49,16,59,26,37,59,54,22,38,3,2
3/28/2019,0.7,8,39,37,0.044,41,53,49,17.7,63,13,19,63,65,44,54.5,3,3
3/29/2019,0.4,5,39,37,0.022,20,21,19,17.2,62,0,0,62,56,40,48,3,4
3/30/2019,0.5,6,19,18,0.038,35,13,12,14.6,56,1,1,56,58,33,45.5,3,5
3/31/2019,0.2,2,4,4,0.04,37,7,6,3.9,16,0,0,37,34,27,30.5,3,6
4/1/2019,0.3,3,26,25,0.038,35,19,18,5.2,22,1,1,35,41,26,33.5,4,0
4/2/2019,0.4,5,37,35,0.038,35,40,37,11.2,47,3,4,47,51,32,41.5,4,1
4/3/2019,0.4,5,27,25,0.042,39,23,21,9,38,5,7,39,55,39,47,4,2
4/4/2019,0.9,10,41,39,0.033,31,34,31,8.5,35,3,4,39,48,38,43,4,3
4/5/2019,0.5,6,45,42,0.024,22,29,27,15.6,58,2,3,58,60,45,52.5,4,4
4/6/2019,0.7,8,36,34,0.048,44,33,31,26.2,81,3,4,81,67,49,58,4,5
4/7/2019,0.6,7,24,23,0.043,40,29,27,14.4,56,3,4,56,75,48,61.5,4,6
4/8/2019,0.5,6,38,36,0.038,35,20,19,10.3,43,0,0,43,71,56,63.5,4,0
4/9/2019,0.5,6,,,0.041,38,12,11,5.8,24,0,0,38,62,47,54.5,4,1
4/10/2019,0.2,2,10,9,0.031,29,8,7,4.1,17,0,0,29,47,40,43.5,4,2
4/11/2019,0.4,5,29,27,0.034,31,23,21,5.7,24,2,3,31,65,40,52.5,4,3
4/12/2019,0.5,6,17,16,0.042,39,55,51,9.4,39,7,10,51,72,55,63.5,4,4
4/13/2019,0.2,2,15,14,0.041,38,17,16,4.8,20,1,1,38,66,47,56.5,4,5
4/14/2019,0.2,2,12,11,0.032,30,9,8,5,21,1,1,30,71,40,55.5,4,6
4/15/2019,0.2,2,21,20,0.044,41,10,9,4.6,19,0,0,41,52,35,43.5,4,0
4/16/2019,0.5,6,39,37,0.039,36,32,30,9.3,39,12,17,39,70,38,54,4,1
4/17/2019,0.5,6,42,40,0.032,30,33,31,14.1,55,8,11,55,68,45,56.5,4,2
4/18/2019,0.6,7,17,16,0.05,46,33,31,10.8,45,7,10,46,78,59,68.5,4,3
4/19/2019,0.2,2,12,11,0.031,29,3,3,3.5,15,0,0,29,59,41,50,4,4
4/20/2019,0.3,3,9,8,0.034,31,5,5,4,17,0,0,31,54,42,48,4,5
4/21/2019,0.4,5,26,25,0.033,31,13,12,7.5,31,2,3,31,57,44,50.5,4,6
4/22/2019,0.8,9,29,27,0.03,28,47,44,13.8,55,,,55,72,43,57.5,4,0
4/23/2019,0.5,6,29,27,0.04,37,36,33,9,38,3,4,38,73,49,61,4,1
4/24/2019,0.3,3,27,25,0.036,33,13,12,6,25,0,0,33,55,40,47.5,4,2
4/25/2019,0.4,5,35,33,0.029,27,36,33,9,38,2,3,38,67,48,57.5,4,3
4/26/2019,0.3,3,10,9,0.046,43,10,9,8.6,36,0,0,43,62,49,55.5,4,4
4/27/2019,0.2,2,11,10,0.042,39,7,6,4.6,19,0,0,39,53,43,48,4,5
4/28/2019,0.2,2,12,11,0.043,40,7,6,5.1,21,0,0,40,52,41,46.5,4,6
4/29/2019,0.3,3,39,37,0.03,28,23,21,8.9,37,1,1,37,56,39,47.5,4,0
4/30/2019,0.3,3,19,18,0.026,24,12,11,9.7,40,0,0,40,53,43,48,4,1
5/1/2019,0.3,3,32,30,0.041,38,27,25,9.2,38,1,1,38,83,46,64.5,5,2
5/2/2019,0.4,5,30,28,0.03,28,16,15,9.4,39,0,0,39,70,51,60.5,5,3
5/3/2019,0.4,5,21,20,,,10,9,7.5,31,0,0,31,66,46,56,5,4
5/4/2019,0.3,3,14,13,0.024,22,8,7,8.4,35,0,0,35,52,45,48.5,5,5
5/5/2019,0.4,5,34,32,0.033,31,14,13,9.5,40,0,0,40,62,48,55,5,6
5/6/2019,0.6,7,30,28,0.058,61,48,44,13,53,5,7,61,76,47,61.5,5,0
5/7/2019,0.3,3,11,10,0.032,30,12,11,6.5,27,0,0,30,65,47,56,5,1
5/8/2019,0.4,5,27,25,0.03,28,21,19,6.9,29,4,6,29,65,47,56,5,2
5/9/2019,0.4,5,19,18,0.038,35,62,54,11.5,48,5,7,54,78,63,70.5,5,3
5/10/2019,0.3,3,28,26,0.034,31,11,10,4.8,20,0,0,31,66,44,55,5,4
5/11/2019,0.6,7,29,27,,,17,16,11,46,1,1,46,55,41,48,5,5
5/12/2019,0.2,2,13,12,0.027,25,7,6,4.9,20,0,0,25,54,46,50,5,6
5/13/2019,0.2,2,10,9,0.037,34,7,6,5,21,1,1,34,50,45,47.5,5,0
5/14/2019,0.3,3,29,27,0.049,45,15,14,7,29,0,0,45,64,44,54,5,1
5/15/2019,0.4,5,23,22,0.056,54,26,24,8.8,37,1,1,54,73,46,59.5,5,2
5/16/2019,0.4,5,27,25,0.055,51,,,12.8,52,3,4,52,77,51,64,5,3
5/17/2019,0.3,3,16,15,0.031,29,,,8.4,35,0,0,35,68,55,61.5,5,4
5/18/2019,0.6,7,33,31,0.034,31,,,9.8,41,6,9,41,85,52,68.5,5,5
5/19/2019,0.6,7,10,9,0.05,46,,,12.7,52,2,3,52,86,62,74,5,6
5/20/2019,0.2,2,10,9,0.028,26,,,4.7,20,0,0,26,68,48,58,5,0
5/21/2019,0.3,3,21,20,0.026,24,10,9,4.1,17,0,0,24,60,45,52.5,5,1
5/22/2019,0.4,5,33,31,0.039,36,58,52,15.5,58,4,6,58,79,53,66,5,2
5/23/2019,0.5,6,21,20,0.051,47,26,24,10.3,43,1,1,47,84,65,74.5,5,3
5/24/2019,0.3,3,17,16,0.037,34,18,17,8,33,0,0,34,73,52,62.5,5,4
5/25/2019,0.4,5,13,12,0.046,43,39,36,15.3,58,0,0,58,92,63,77.5,5,5
5/26/2019,0.2,2,8,8,0.036,33,14,13,8.1,34,0,0,34,77,57,67,5,6
5/27/2019,0.3,3,18,17,0.034,31,10,9,7.4,31,0,0,31,71,52,61.5,5,0
5/28/2019,0.5,6,20,19,0.043,40,25,23,16.2,60,0,0,60,86,64,75,5,1
5/29/2019,0.4,5,,,0.03,28,19,18,16.1,59,0,0,59,76,57,66.5,5,2
5/30/2019,0.7,8,,,0.042,39,35,32,18.2,64,1,1,64,76,61,68.5,5,3
5/31/2019,0.3,3,,,0.048,44,25,23,12,50,1,1,50,79,57,68,5,4
6/1/2019,0.4,5,11,10,0.05,46,22,20,11.8,49,1,1,49,84,62,73,6,5
6/2/2019,0.3,3,13,12,0.04,37,13,12,13.1,53,0,0,53,68,57,62.5,6,6
6/3/2019,0.3,3,,,0.031,29,11,10,4.2,18,3,4,29,62,50,56,6,0
6/4/2019,0.3,3,27,25,0.052,48,47,44,13.2,53,2,3,53,75,50,62.5,6,1
6/5/2019,0.4,5,21,20,0.045,42,26,24,19.2,66,1,1,66,77,63,70,6,2
6/6/2019,0.2,2,16,15,0.035,32,15,14,15.8,59,0,0,59,70,58,64,6,3
6/7/2019,0.5,6,34,32,0.047,44,23,21,17.9,63,0,0,63,74,55,64.5,6,4
6/8/2019,0.2,2,21,20,0.045,42,17,16,8.5,35,0,0,42,83,64,73.5,6,5
6/9/2019,0.2,2,6,6,0.044,41,25,23,9,38,1,1,41,83,70,76.5,6,6
6/10/2019,0.3,3,17,16,0.029,27,18,17,7.9,33,0,0,33,75,56,65.5,6,0
6/11/2019,0.2,2,23,22,0.045,42,17,16,4.2,18,1,1,42,75,50,62.5,6,1
6/12/2019,0.3,3,26,25,0.051,47,48,44,13.6,54,4,6,54,77,55,66,6,2
6/13/2019,0.3,3,18,17,0.039,36,12,11,10.6,44,1,1,44,70,56,63,6,3
6/14/2019,0.2,2,16,15,0.042,39,12,11,5.9,25,3,4,39,74,50,62,6,4
6/15/2019,0.2,2,12,11,0.037,34,16,15,10.5,44,4,6,44,70,64,67,6,5
6/16/2019,0.2,2,13,12,0.026,24,8,7,8.7,36,0,0,36,74,60,67,6,6
6/17/2019,0.3,3,19,18,0.03,28,14,13,12.2,51,0,0,51,71,62,66.5,6,0
6/18/2019,0.3,3,29,27,0.042,39,17,16,11.2,47,0,0,47,76,63,69.5,6,1
6/19/2019,0.4,5,35,33,0.045,42,25,23,17.5,62,0,0,62,79,60,69.5,6,2
6/20/2019,0.3,3,23,22,0.034,31,13,12,13.9,55,0,0,55,71,61,66,6,3
6/21/2019,0.2,2,19,18,0.041,38,15,14,5.7,24,1,1,38,76,59,67.5,6,4
6/22/2019,0.3,3,20,19,0.028,26,12,11,5.9,25,0,0,26,75,55,65,6,5
6/23/2019,0.4,5,20,19,0.046,43,23,21,12.7,52,4,6,52,82,53,67.5,6,6
6/24/2019,0.3,3,14,13,0.04,37,34,31,9.4,39,2,3,39,85,70,77.5,6,0
6/25/2019,0.2,2,15,14,0.054,50,16,15,2.8,12,0,0,50,85,66,75.5,6,1
6/26/2019,0.2,2,41,39,0.062,74,36,33,7.6,32,2,3,74,89,70,79.5,6,2
6/27/2019,0.6,7,36,34,0.057,58,50,46,14.6,56,0,0,58,88,69,78.5,6,3
6/28/2019,0.4,5,30,28,0.066,87,44,41,18.9,65,2,3,87,90,68,79,6,4
6/29/2019,0.2,2,15,14,0.068,93,22,20,10,42,0,0,93,89,71,80,6,5
6/30/2019,0.4,5,16,15,0.036,33,12,11,7.3,30,0,0,33,80,66,73,6,6
7/1/2019,0.4,5,,,0.052,48,38,35,9.6,40,3,4,48,88,59,73.5,7,0
7/2/2019,0.2,2,,,0.066,87,27,25,11.7,49,,,87,91,71,81,7,1
7/3/2019,0.3,3,,,0.052,48,19,18,9.5,40,0,0,48,85,71,78,7,2
7/4/2019,0.4,5,17,16,0.048,44,30,28,28.1,85,0,0,85,88,73,80.5,7,3
7/5/2019,0.5,6,21,20,0.045,42,36,33,17.8,63,4,6,63,92,74,83,7,4
7/6/2019,0.4,5,20,19,0.058,61,21,19,13.9,55,1,1,61,90,73,81.5,7,5
7/7/2019,0.3,3,6,6,0.031,29,15,14,9.9,41,0,0,41,82,72,77,7,6
7/8/2019,0.2,2,15,14,0.032,30,13,12,4.4,18,0,0,30,79,66,72.5,7,0
7/9/2019,0.3,3,19,18,0.044,41,20,19,7.1,30,1,1,41,83,58,70.5,7,1
7/10/2019,0.5,6,23,22,0.066,87,45,42,16.7,61,2,3,87,93,70,81.5,7,2
7/11/2019,0.4,5,22,21,0.058,61,26,24,9.8,41,1,1,61,89,71,80,7,3
7/12/2019,0.4,5,26,25,0.041,38,14,13,5.1,21,0,0,38,79,65,72,7,4
7/13/2019,0.5,6,22,21,0.067,90,41,38,14.8,57,4,6,90,92,63,77.5,7,5
7/14/2019,0.4,5,23,22,0.042,39,11,10,5,21,2,3,39,82,65,73.5,7,6
7/15/2019,0.4,5,24,23,0.065,84,47,44,13.4,54,4,6,84,92,61,76.5,7,0
7/16/2019,0.3,3,16,15,0.034,31,26,24,8.6,36,0,0,36,89,73,81,7,1
7/17/2019,0.3,3,13,12,0.037,34,14,13,4.4,18,0,0,34,84,72,78,7,2
7/18/2019,0.4,5,22,21,0.053,49,27,25,9,38,6,9,49,90,69,79.5,7,3
7/19/2019,0.2,2,9,8,0.039,36,26,24,11.9,50,,,50,94,78,86,7,4
7/20/2019,0.3,3,8,8,0.048,44,21,19,9.5,40,,,44,95,77,86,7,5
7/21/2019,0.2,2,9,8,0.045,42,10,9,4.2,18,1,1,42,88,70,79,7,6
7/22/2019,0.2,2,13,12,,,10,9,5,21,1,1,21,77,66,71.5,7,0
7/23/2019,0.1,1,7,7,0.045,42,10,9,4.7,20,3,4,42,77,65,71,7,1
7/24/2019,0.2,2,21,20,0.039,36,13,12,6.1,25,1,1,36,76,62,69,7,2
7/25/2019,0.4,5,25,24,0.048,44,37,34,10.8,45,2,3,45,82,60,71,7,3
7/26/2019,0.5,6,26,25,0.058,61,43,40,18.2,64,8,11,64,84,62,73,7,4
7/27/2019,0.4,5,23,22,0.056,54,33,31,23.3,75,3,4,75,87,65,76,7,5
7/28/2019,0.2,2,4,4,0.056,54,22,20,14.9,57,1,1,57,89,73,81,7,6
7/29/2019,0.3,3,10,9,0.051,47,29,27,14.1,55,1,1,55,90,72,81,7,0
7/30/2019,0.3,3,26,25,0.044,41,23,21,6.6,28,1,1,41,85,71,78,7,1
7/31/2019,0.4,5,19,18,,,24,22,8.8,37,1,1,37,81,66,73.5,7,2
8/1/2019,,,25,24,0.047,44,23,21,7.8,33,1,1,44,82,62,72,8,3
8/2/2019,,,35,33,0.051,47,31,29,12.1,51,1,1,51,82,62,72,8,4
8/3/2019,,,35,33,0.054,50,48,44,14.4,56,3,4,56,84,61,72.5,8,5
8/4/2019,,,20,19,0.065,84,37,34,14.4,56,5,7,84,88,62,75,8,6
8/5/2019,,,26,25,,,52,48,18.3,64,11,16,64,87,65,76,8,0
8/6/2019,0.4,5,24,23,0.044,41,26,24,11.6,48,1,1,48,88,69,78.5,8,1
8/7/2019,0.3,3,,,0.052,48,18,17,12.7,52,1,1,52,82,67,74.5,8,2
8/8/2019,0.3,3,17,16,0.043,40,16,15,7.4,31,2,3,40,83,67,75,8,3
8/9/2019,0.3,3,8,8,0.04,37,10,9,4.6,19,1,1,37,80,62,71,8,4
8/10/2019,0.3,3,23,22,0.039,36,16,15,5.7,24,2,3,36,79,61,70,8,5
8/11/2019,0.3,3,16,15,0.054,50,25,23,12,50,6,9,50,83,59,71,8,6
8/12/2019,0.5,6,29,27,0.045,42,46,43,13,53,4,6,53,82,65,73.5,8,0
8/13/2019,0.5,6,20,19,0.049,45,22,20,14.5,56,1,1,56,78,70,74,8,1
8/14/2019,0.3,3,12,11,0.038,35,18,17,8.9,37,1,1,37,81,65,73,8,2
8/15/2019,0.4,5,24,23,0.041,38,29,27,12.2,51,2,3,51,83,65,74,8,3
8/16/2019,0.3,3,22,21,0.049,45,20,19,12.2,51,3,4,51,82,69,75.5,8,4
8/17/2019,0.4,5,29,27,0.048,44,27,25,13.3,54,14,20,54,87,69,78,8,5
8/18/2019,0.4,5,16,15,0.047,44,20,19,9.4,39,3,4,44,91,68,79.5,8,6
8/19/2019,0.3,3,22,21,0.052,48,13,12,4,17,2,3,48,84,66,75,8,0
8/20/2019,0.4,5,30,28,0.056,54,34,31,11.8,49,2,3,54,90,68,79,8,1
8/21/2019,0.2,2,13,12,0.049,45,17,16,9.3,39,2,3,45,86,72,79,8,2
8/22/2019,0.3,3,15,14,0.026,24,7,6,5,21,1,1,24,76,65,70.5,8,3
8/23/2019,0.3,3,15,14,0.028,26,7,6,3.2,13,1,1,26,75,62,68.5,8,4
8/24/2019,0.3,3,12,11,0.029,27,7,6,4.3,18,1,1,27,74,62,68,8,5
8/25/2019,0.2,2,8,8,0.042,39,11,10,4.5,19,1,1,39,79,58,68.5,8,6
8/26/2019,0.3,3,13,12,0.039,36,30,28,7.6,32,1,1,36,80,62,71,8,0
8/27/2019,0.6,7,,,0.013,12,18,17,6.8,28,1,1,28,75,67,71,8,1
8/28/2019,0.3,3,,,0.036,33,16,15,6.3,26,1,1,33,80,62,71,8,2
8/29/2019,0.3,3,,,0.039,36,23,21,8.6,36,1,1,36,81,57,69,8,3
8/30/2019,0.4,5,,,0.05,46,19,18,6.8,28,1,1,46,80,62,71,8,4
8/31/2019,0.4,5,,,0.033,31,10,9,4.5,19,1,1,31,76,58,67,8,5
9/1/2019,0.3,3,,,0.036,33,22,20,10.5,44,1,1,44,79,63,71,9,6
9/2/2019,0.4,5,,,0.044,41,15,14,9.7,40,1,1,41,81,66,73.5,9,0
9/3/2019,0.4,5,,,0.038,35,40,37,9.8,41,1,1,41,83,61,72,9,1
9/4/2019,0.3,3,,,0.031,29,18,17,6,25,0,0,29,77,58,67.5,9,2
9/5/2019,0.3,3,,,0.034,31,26,24,9.1,38,2,3,38,74,52,63,9,3
9/6/2019,0.5,6,30,28,0.044,41,45,42,12.6,52,5,7,52,76,50,63,9,4
9/7/2019,0.4,5,30,28,0.042,39,25,23,12.7,52,1,1,52,76,60,68,9,5
9/8/2019,0.3,3,18,17,0.027,25,13,12,6.4,27,0,0,27,75,61,68,9,6
9/9/2019,0.2,2,18,17,0.03,28,17,16,6.1,25,0,0,28,78,61,69.5,9,0
9/10/2019,0.4,5,25,24,0.058,61,56,51,12.8,52,,,61,91,60,75.5,9,1
9/11/2019,0.4,5,25,24,0.047,44,34,31,12.9,53,,,53,94,71,82.5,9,2
9/12/2019,0.3,3,,,0.03,28,11,10,5.7,24,0,0,28,78,66,72,9,3
9/13/2019,0.3,3,11,10,,,43,40,12.2,51,3,4,51,92,66,79,9,4
9/14/2019,0.3,3,21,20,0.04,37,18,17,2.8,12,2,3,37,78,62,70,9,5
9/15/2019,0.4,5,19,18,0.031,29,40,37,11.8,49,11,16,49,77,59,68,9,6
9/16/2019,0.3,3,24,23,0.043,40,24,22,8.6,36,2,3,40,81,65,73,9,0
9/17/2019,0.3,3,14,13,0.035,32,14,13,5.2,22,0,0,32,77,63,70,9,1
9/18/2019,0.2,2,27,25,0.042,39,28,26,6.4,27,3,4,39,81,59,70,9,2
9/19/2019,0.3,3,23,22,0.054,50,47,44,11.8,49,3,4,50,82,59,70.5,9,3
9/20/2019,0.3,3,23,22,0.055,51,49,45,16.3,60,3,4,60,87,61,74,9,4
9/21/2019,0.4,5,23,22,0.065,84,52,48,32,93,5,7,93,90,66,78,9,5
9/22/2019,0.3,3,16,15,0.057,58,43,40,16.1,59,1,1,59,91,72,81.5,9,6
9/23/2019,0.2,2,8,8,0.04,37,14,13,5.1,21,0,0,37,80,66,73,9,0
9/24/2019,0.3,3,32,30,0.039,36,15,14,4,17,2,3,36,79,54,66.5,9,1
9/25/2019,0.3,3,27,25,0.05,46,49,45,9.2,38,6,9,46,83,57,70,9,2
9/26/2019,0.2,2,31,29,0.04,37,19,18,5.9,25,1,1,37,75,51,63,9,3
9/27/2019,0.4,5,29,27,0.049,45,50,46,9.9,41,20,29,46,85,48,66.5,9,4
9/28/2019,0.2,2,18,17,0.041,38,15,14,4.1,17,2,3,38,84,66,75,9,5
9/29/2019,0.2,2,15,14,0.028,26,9,8,3.6,15,0,0,26,72,65,68.5,9,6
9/30/2019,0.4,5,19,18,0.037,34,27,25,11.6,48,2,3,48,85,66,75.5,9,0
10/1/2019,0.4,5,30,28,0.04,37,40,37,12.3,51,,,51,93,70,81.5,10,1
10/2/2019,0.2,2,18,17,0.026,24,21,19,7.9,33,1,1,33,84,64,74,10,2
10/3/2019,0.4,5,10,9,0.022,20,15,14,10.2,43,0,0,43,84,62,73,10,3
10/4/2019,0.2,2,7,7,0.025,23,5,5,3.3,14,0,0,23,63,51,57,10,4
10/5/2019,0.2,2,11,10,0.035,32,11,10,3.1,13,,,32,70,44,57,10,5
10/6/2019,0.3,3,10,9,0.037,34,19,18,8.8,37,6,9,37,75,59,67,10,6
10/7/2019,0.3,3,22,21,0.019,18,16,15,7.3,30,0,0,30,65,50,57.5,10,0
10/8/2019,0.4,5,16,15,0.034,31,28,26,12,50,5,7,50,72,43,57.5,10,1
10/9/2019,0.3,3,20,19,,,23,21,6.6,28,1,1,28,73,47,60,10,2
10/10/2019,0.3,3,26,25,0.034,31,32,30,8.2,34,2,3,34,77,46,61.5,10,3
10/11/2019,0.3,3,24,23,0.043,40,46,43,9.7,40,1,1,43,82,60,71,10,4
10/12/2019,0.4,5,15,14,0.032,30,8,7,6,25,11,16,30,66,43,54.5,10,5
10/13/2019,0.4,5,14,13,0.041,38,11,10,3.7,15,0,0,38,68,43,55.5,10,6
10/14/2019,0.2,2,21,20,0.028,26,16,15,5,21,0,0,26,58,42,50,10,0
10/15/2019,0.3,3,21,20,0.04,37,36,33,,,3,4,37,71,36,53.5,10,1
10/16/2019,0.2,2,11,10,0.028,26,11,10,,,7,10,26,65,47,56,10,2
10/17/2019,0.1,1,7,7,0.028,26,9,8,,,0,0,26,53,47,50,10,3
10/18/2019,0.5,6,24,23,0.025,23,11,10,,,0,0,23,57,41,49,10,4
10/19/2019,0.5,6,23,22,0.032,30,24,22,,,2,3,30,66,37,51.5,10,5
10/20/2019,0.4,5,31,29,0.041,38,28,26,,,3,4,38,72,46,59,10,6
10/21/2019,0.5,6,27,25,0.038,35,41,38,,,7,10,38,75,50,62.5,10,0
10/22/2019,0.2,2,17,16,0.033,31,17,16,,,0,0,31,67,50,58.5,10,1
10/23/2019,0.2,2,11,10,0.032,30,21,19,9.3,39,5,7,39,62,45,53.5,10,2
10/24/2019,0.3,3,,,0.03,28,19,18,9.9,41,0,0,41,65,49,57,10,3
10/25/2019,0.3,3,27,25,0.026,24,30,28,20.9,70,2,3,70,57,43,50,10,4
10/26/2019,0.5,6,20,19,0.027,25,16,15,18.6,65,0,0,65,58,42,50,10,5
10/27/2019,0.2,2,18,17,0.028,26,11,10,9.6,40,,,40,63,43,53,10,6
10/28/2019,0.6,7,40,38,0.032,30,36,33,,,5,7,38,68,39,53.5,10,0
10/29/2019,0.7,8,30,28,,,31,29,,,0,0,29,63,42,52.5,10,1
10/30/2019,0.4,5,19,18,0.009,8,17,16,15.4,58,0,0,58,64,52,58,10,2
10/31/2019,0.3,3,15,14,0.021,19,9,8,12.3,51,0,0,51,65,36,50.5,10,3
11/1/2019,0.3,3,22,21,0.021,19,13,12,12.4,52,0,0,52,41,31,36,11,4
11/2/2019,0.3,3,18,17,0.023,21,13,12,17.7,63,6,9,63,47,33,40,11,5
11/3/2019,0.2,2,14,13,0.026,24,9,8,10.3,43,1,1,43,48,34,41,11,6
11/4/2019,0.3,3,22,21,0.032,30,29,27,12,50,8,11,50,59,43,51,11,0
11/5/2019,0.2,2,20,19,0.029,27,14,13,12.7,52,0,0,52,53,34,43.5,11,1
11/6/2019,0.4,5,23,22,0.024,22,22,20,,,2,3,22,50,30,40,11,2
11/7/2019,0.4,5,10,9,0.032,30,8,7,,,0,0,30,48,33,40.5,11,3
11/8/2019,0.3,3,23,22,0.026,24,9,8,,,3,4,24,38,24,31,11,4
11/9/2019,0.5,6,24,23,0.026,24,12,11,,,3,4,24,40,24,32,11,5
11/10/2019,0.3,3,13,12,0.023,21,18,17,,,2,3,21,54,38,46,11,6
11/11/2019,0.3,3,18,17,0.029,27,7,6,,,0,0,27,45,33,39,11,0
11/12/2019,0.2,2,7,7,0.031,29,12,11,2.3,10,0,0,29,33,22,27.5,11,1
11/13/2019,0.4,5,18,17,0.029,27,18,17,6.4,27,5,7,27,28,13,20.5,11,2
11/14/2019,0.4,5,20,19,0.022,20,17,16,11.8,49,1,1,49,37,27,32,11,3
11/15/2019,0.3,3,14,13,0.032,30,17,16,18.1,64,2,3,64,38,29,33.5,11,4
11/16/2019,0.3,3,23,22,0.036,33,8,7,3.1,13,0,0,33,40,30,35,11,5
11/17/2019,0.3,3,18,17,0.03,28,18,17,8.5,35,3,4,35,49,27,38,11,6
11/18/2019,0.7,8,33,31,0.015,14,31,29,12.4,52,2,3,52,53,33,43,11,0
11/19/2019,0.7,8,26,25,0.004,4,22,20,33.3,96,0,0,96,43,30,36.5,11,1
11/20/2019,0.3,3,,,0.026,24,16,15,15.5,58,0,0,58,45,37,41,11,2
11/21/2019,0.3,3,,,0.024,22,32,30,15.3,58,7,10,58,54,35,44.5,11,3
11/22/2019,0.3,3,24,23,0.02,19,9,8,5,21,0,0,23,53,27,40,11,4
11/23/2019,0.3,3,23,22,0.017,16,20,19,10.7,45,4,6,45,46,23,34.5,11,5
11/24/2019,0.3,3,8,8,0.022,20,11,10,13.3,54,2,3,54,45,30,37.5,11,6
11/25/2019,0.3,3,23,22,0.027,25,24,22,12.5,52,3,4,52,56,40,48,11,0
11/26/2019,0.4,5,30,28,0.024,22,25,23,11,46,1,1,46,61,44,52.5,11,1
11/27/2019,0.3,3,18,17,0.023,21,22,20,5.8,24,2,3,24,60,39,49.5,11,2
11/28/2019,0.2,2,3,3,0.029,27,7,6,1.5,6,0,0,27,41,36,38.5,11,3
11/29/2019,0.2,2,13,12,0.026,24,9,8,4,17,1,1,24,38,36,37,11,4
11/30/2019,0.2,2,11,10,0.023,21,9,8,7.1,30,0,0,30,43,35,39,11,5
12/1/2019,0.3,3,6,6,0.025,23,9,8,3.9,16,0,0,23,57,36,46.5,12,6
12/2/2019,0.2,2,12,11,0.032,30,7,6,4.4,18,0,0,30,39,34,36.5,12,0
12/3/2019,0.2,2,13,12,0.023,21,6,6,6.2,26,0,0,26,35,31,33,12,1
12/4/2019,0.2,2,10,9,0.028,26,12,11,10.6,44,0,0,44,37,34,35.5,12,2
12/5/2019,0.3,3,25,24,0.027,25,21,19,5.2,22,2,3,25,41,33,37,12,3
12/6/2019,0.4,5,20,19,0.028,26,17,16,7,29,1,1,29,47,34,40.5,12,4
12/7/2019,0.3,3,21,20,0.027,25,10,9,5.9,25,0,0,25,40,31,35.5,12,5
12/8/2019,0.4,5,14,13,0.024,22,21,19,10.6,44,4,6,44,51,30,40.5,12,6
12/9/2019,0.3,3,18,17,0.022,20,16,15,6.1,25,3,4,25,54,48,51,12,0
12/10/2019,0.2,2,7,7,0.023,21,11,10,8.7,36,0,0,36,52,23,37.5,12,1
12/11/2019,0.2,2,10,9,0.024,22,22,20,8,33,0,0,33,29,19,24,12,2
12/12/2019,0.3,3,22,21,0.016,15,38,35,16.2,60,2,3,60,38,17,27.5,12,3
12/13/2019,0.3,3,21,20,0.013,12,39,36,13.6,54,4,6,54,46,33,39.5,12,4
12/14/2019,0.4,5,21,20,0.021,19,13,12,18.4,64,0,0,64,40,36,38,12,5
12/15/2019,0.3,3,9,8,0.026,24,8,7,10.6,44,0,0,44,37,29,33,12,6
12/16/2019,0.4,5,22,21,0.022,20,23,21,20.7,69,0,0,69,38,29,33.5,12,0
12/17/2019,0.3,3,15,14,0.027,25,10,9,9.7,40,0,0,40,36,23,29.5,12,1
12/18/2019,0.2,2,9,8,0.035,32,16,15,7.9,33,0,0,33,27,19,23,12,2
12/19/2019,0.3,3,25,24,0.027,25,26,24,8.4,35,4,6,35,30,13,21.5,12,3
12/20/2019,0.6,7,36,34,,,57,52,24.1,76,1,1,76,37,16,26.5,12,4
12/21/2019,0.5,6,24,23,0.025,23,30,28,23.4,75,8,11,75,49,26,37.5,12,5
12/22/2019,0.4,5,26,25,0.035,32,26,24,17.1,62,3,4,62,53,33,43,12,6
12/23/2019,0.5,6,31,29,,,21,19,13.7,54,10,14,54,58,36,47,12,0
12/24/2019,0.4,5,11,10,0.017,16,20,19,29.3,87,2,3,87,39,33,36,12,1
12/25/2019,0.4,5,22,21,0.02,19,20,19,13,53,4,6,53,58,32,45,12,2
12/26/2019,0.3,3,25,24,0.026,24,20,19,10.3,43,1,1,43,66,43,54.5,12,3
12/27/2019,0.2,2,9,8,0.022,20,14,13,11.3,47,0,0,47,61,40,50.5,12,4
12/28/2019,0.4,5,24,23,0.016,15,19,18,20.9,70,1,1,70,48,36,42,12,5
12/29/2019,0.4,5,12,11,0.018,17,20,19,13.7,54,1,1,54,59,41,50,12,6
12/30/2019,0.3,3,4,4,0.027,25,6,6,,,1,1,25,61,38,49.5,12,0
12/31/2019,0.2,2,5,5,,,7,6,2,8,0,0,8,39,29,34,12,1
